url,price,title
https://www.olx.in/item/red-and-white-4g-airtel-tri-cut-sim-card-ID1fqg7J.html,599,Red And White 4G Airtel Tri-cut Sim Card
https://www.olx.in/item/black-huawei-power-fi-dongle-ID1fqe7l.html,500,Black Huawei Power-Fi Dongle
https://www.olx.in/item/white-micromax-broadband-stick-ID1fqecZ.html,500,White Micromax Broadband Stick
https://www.olx.in/item/logitech-c270-hd-webcam-ID1cG1aP.html,700,Logitech c270 HD webcam
https://www.olx.in/item/new-quantum-4-port-usb-hub-ID1fqepw.html,299,New Quantum 4 Port USB Hub
https://www.olx.in/item/3g-dongal-ID1fqedb.html,600,3G. Dongal
https://www.olx.in/item/display-table-ID1fqeoz.html,12000,Display table
https://www.olx.in/item/laptop-battery-dc-10-8-v-4800-mah-ID1fqeoN.html,1049,Laptop Battery DC 10 .8 V 4800 mAh
https://www.olx.in/item/gaming-mouse-redragon-ID1fqetz.html,1000,Gaming mouse Redragon
https://www.olx.in/item/quantum-qhmpl-group-usb-card-reader-ID1fqeq7.html,150,Quantum QHMPL GROUP USB Card Reader
https://www.olx.in/item/two-red-and-white-micromax-usb-flash-drives-ID1fqevz.html,500,Two Red And White Micromax USB Flash Drives
https://www.olx.in/item/new-hp-16-port-gigabit-switch-ID1fqeCJ.html,5200,New HP 16 Port Gigabit Switch
https://www.olx.in/item/zotac-graphic-card-ID1fqeBr.html,2500,Zotac graphic Card
https://www.olx.in/item/new-only-2-month-old-bluetooth-headphones-ID1fqeFr.html,1000,New only 2 month old Bluetooth headphones
https://www.olx.in/item/exchange-also-available-horizon-zero-down-only-ID1fqdb9.html,1200,Exchange also available. Horizon zero down. Only
https://www.olx.in/item/gray-lg-crt-tv-ID1fqgOJ.html,2200,Gray LG CRT TV
https://www.olx.in/item/black-psp-handheld-game-console-urgent-need-of-money-ID1eCIaW.html,9000,Black PSP Handheld Game Console urgent need of money
https://www.olx.in/item/white-airtel-home-phone-ID1fqeoP.html,500,White Airtel Home Phone
https://www.olx.in/item/black-master-speaker-ID1fqgGN.html,5000,Black Master Speaker
https://www.olx.in/item/samsung-speakers-hw-k20-40w-2-1-ID1fqgEW.html,4500,Samsung speakers HW-K20 40W 2.1
https://www.olx.in/item/3d-sreen-enlarger-ID1fqgI7.html,100,3d sreen enlarger
https://www.olx.in/item/1year-old-tv-for-sale-ID1fqgHr.html,28000,1year old TV for sale.
https://www.olx.in/item/black-and-white-netgear-and-baton-modem-routers-with-boxes-ID1fqgI3.html,1800,Black And White Netgear And Baton Modem Routers With Boxes
https://www.olx.in/item/1-year-old-jio-fi-device-superb-speed-4g-ID1fqhJX.html,750,1 year old ... jio fi device .. superb speed 4g
https://www.olx.in/item/mini-laptop-lcd-panel-for-sell-its-good-ID1fqgaR.html,2800,Mini laptop lcd panel for sell... Its good
https://www.olx.in/item/gas-gyser-new-sealed-ID1fqggh.html,2000,Gas gyser new sealed
https://www.olx.in/item/huawei-e3531-data-card-3g-ID1fqe5j.html,550,Huawei E3531 Data Card 3g
https://www.olx.in/item/internet-dongle-works-with-any-net-work-plug-n-play-memory-card-slot-ID1dsp5J.html,799,"Internet dongle works with any net work,Plug n play, Memory card slot"
https://www.olx.in/item/r7-250-1gb-vram-ID1fqgoJ.html,3600,R7 250 1gb vram
https://www.olx.in/item/amplifier-dj-94125599-19-ID1fqglN.html,3200,Amplifier DJ 94125599.19
https://www.olx.in/item/w2k18-game-ID1fqddw.html,250,W2K18 Game
https://www.olx.in/item/4th-gen-i3-3-4ghz-cpu-ID1a1Otr.html,11000,4th gen i3 3.4ghz CPU
https://www.olx.in/item/6-month-old-a-new-un-tach-mg-16xu-yanha-mixer-ID1fqdhP.html,24000,6 month old a new un tach mg 16xu yanha mixer
https://www.olx.in/item/uncharted-4-a-thiefs-end-ps4-game-case-ID1fqdqJ.html,1400,Uncharted 4 A Thief's End PS4 Game Case
https://www.olx.in/item/speakers-with-amplifier-bought-in-dubai-in-2012-ID1fqh8f.html,10000,Speakers with amplifier. Bought in Dubai in 2012
https://www.olx.in/item/vr-headset-ID1fqdtB.html,1200,Vr headset
https://www.olx.in/item/psp-with-8gb-memery-card-charger-a-one-candition-ID1fqdjD.html,2700,Psp with 8gb memery card charger a one candition
https://www.olx.in/item/ps3-slim-for-sale-ID1fqdgb.html,9000,Ps3 slim for sale
https://www.olx.in/item/sound-system-ID1fqgit.html,13000,Sound system
https://www.olx.in/item/intex-home-theater-ID1fb26B.html,3500,Intex Home Theater
https://www.olx.in/item/black-flat-screen-tv-ID1fqggF.html,12500,Black Flat Screen TV
https://www.olx.in/item/philips-juicer-brand-new-not-used-at-all-some1-ID1eUwpw.html,1000,Philips juicer brand new ..not used at all..some1
https://www.olx.in/item/42-black-sony-flat-screen-tv-smart-ID1eJzeF.html,20999,"42""Black Sony Flat Screen TV smart"
https://www.olx.in/item/hi-power-dj-sound-system-2400-what-top-base-ID1fqgiw.html,225000,"Hi power, DJ sound system. 2400 What top base"
https://www.olx.in/item/black-and-gray-crt-tv-ID1fqgiP.html,4500,Black And Gray CRT TV
https://www.olx.in/item/40-inch-samsung-sony-panel-led-tv-only-17999-ID1fqgjH.html,17999,"40 inch samsung sony panel led tv only 17999,"
https://www.olx.in/item/sanyo-43-inch-full-hd-led-tv-9-months-old-ID1fqgi3.html,21000,Sanyo 43 inch full hd led tv - 9 months old
https://www.olx.in/item/black-philips-5-1-multimedia-speaker-with-remote-ID1fqgl9.html,2000,Black Philips 5.1 Multimedia Speaker With Remote
https://www.olx.in/item/bhai-nya-hyundai-music-system-h-0-time-use-ID1fqgjr.html,15000,Bhai nya hyundai music system h 0 time use
https://www.olx.in/item/black-crt-tv-ID1fqgjx.html,2000,Black CRT TV
https://www.olx.in/item/computer-is-in-very-good-condition-with-table-it-ID1fqgjp.html,26000,Computer is in very good condition with table. It
https://www.olx.in/item/apple-ipod-shuffle-2gb-just-like-new-ID1fqgk9.html,1800,APPLE IPOD SHUFFLE 2gb - just like new!
https://www.olx.in/item/apple-4k-tv-32-gb-brand-bew-sealed-box-ID1f4EKw.html,21000,Apple 4k tv 32 gb brand bew sealed box
https://www.olx.in/item/black-crt-tv-ID1fqgml.html,18000,Black CRT TV
https://www.olx.in/item/philips-fw-750c-hi-fi-small-complaint-ID1fqfVT.html,2500,Philips FW-750C Hi-fi ( Small Complaint)
https://www.olx.in/item/29-inch-godrej-tv-in-perfect-working-condition-ID1fqgpx.html,3500,29 inch Godrej TV in perfect working condition.
https://www.olx.in/item/price-can-be-negotiated-ID1fqgol.html,1500,Price can be negotiated
https://www.olx.in/item/sansui-a80-dc-servo-amplifier-power-output-65-watts-per-channel-ID1fqgr5.html,30000,"Sansui A80 , DC servo amplifier Power output: 65 watts per channel"
https://www.olx.in/item/redmi-mi-4-back-cover-with-mobile-ring-holder-ID1fqgmL.html,140,Redmi Mi 4 back cover with mobile ring holder
https://www.olx.in/item/pioneer-cdj-350-mixer-ID1fqglF.html,30000,Pioneer cdj 350 mixer
https://www.olx.in/item/black-speaker-set-ID1fqgu9.html,600,Black Speaker Set
https://www.olx.in/item/black-samsung-crt-tv-ID1fqgsR.html,6500,Black Samsung CRT TV
https://www.olx.in/item/32-inch-smart-led-tv-model-no-w600d-series-ID1fqgbF.html,11000,32 inch smart led TV model no.w600d series
https://www.olx.in/item/viewsonic-19-inch-led-monitor-new-condition-rare-ID1fqgrz.html,3499,ViewSonic 19 inch led monitor new condition rare
https://www.olx.in/item/24-inch-led-tv-ID1fqg81.html,8000,24 inch Led TV
https://www.olx.in/item/black-and-gray-lg-crt-tv-very-good-condition-tv-ID1fqgwx.html,6700,Black And Gray LG CRT TV very good condition TV
https://www.olx.in/item/readgear-gaming-headphones-ID1fqgut.html,1200,Readgear Gaming Headphones
https://www.olx.in/item/lg-53cm-tv-ID1fdXK9.html,2500,LG 53cm tv
https://www.olx.in/item/smart-tv-cardboard-box-ID1fqfDd.html,25000,Smart TV Cardboard Box
https://www.olx.in/item/hpflat-bed-scanner-6-months-old-very-good-condition-ID1fqfvz.html,2000,Hpflat bed scanner.6 months old.very good condition.
https://www.olx.in/item/more-information-call-me-ID1fqfqN.html,7999,More information call me
https://www.olx.in/item/lg-full-hd-smart-tv-50-inch-ID1fqfIB.html,54000,Lg Full Hd Smart Tv 50 Inch
https://www.olx.in/item/tv-in-good-condition-ID1eKKkZ.html,3000,Tv in good condition
https://www.olx.in/item/vincent-intergrated-sterieo-amplifier-sv-233-ID1er0K1.html,80000,Vincent intergrated sterieo amplifier sv 233
https://www.olx.in/item/made-in-germany-hohner-270-best-nr-00-170-180-vintage-super-chromoni-ID1f2Yxx.html,8790,Made In Germany HOHNER 270 Best.-Nr. 00.170.180 Vintage Super Chromoni
https://www.olx.in/item/32inch-led-brand-new-73-55-6-3-000-5-all-original-ID1fqfI9.html,11500,"32inch led brand new 73.55.6/3,000,5 all original"
https://www.olx.in/item/grey-crt-tv-ID1fqfHN.html,2700,Grey Crt Tv
https://www.olx.in/item/black-crt-tv-ID1fqfJZ.html,2000,Black CRT TV
https://www.olx.in/item/used-beetel-cb-69000-digital-cordless-telephone-with-answering-machine-ID1fqfLJ.html,1850,Used beetel CB 69000 digital cordless telephone with answering machine
https://www.olx.in/item/black-zebronics-bluetooth-speaker-ID1fqfIL.html,770,Black Zebronics Bluetooth Speaker
https://www.olx.in/item/dayanora-24-inch-led-box-peice-brand-new-ID19VGAj.html,9900,"Dayanora 24 inch led, box peice,brand new"
https://www.olx.in/item/black-and-gray-flat-screen-tv-ID1fqfLF.html,17000,Black And Gray Flat Screen TV
https://www.olx.in/item/5-1-channel-home-theatre-powered-by-sony-ID1fqfMW.html,26000,5.1 Channel Home Theatre Powered By Sony
https://www.olx.in/item/sony-led-ab-saste-daamo-mai-1year-warranty-with-bill-ke-saath-ID1fqfHJ.html,7499,Sony led ab saste daamo mai 1year warranty with bill ke saath
https://www.olx.in/item/color-t-v-lg-co-good-condition-ID1eNTI1.html,4000,Color T.V. LG CO. Good condition
https://www.olx.in/item/philips-music-system-aux-fm-good-working-ID1fqfRw.html,4500,Philips music system ..Aux. fm.good working ..
https://www.olx.in/item/speaker-for-sale-ID1fqfKN.html,600,Speaker for sale
https://www.olx.in/item/iball-music-system-ID1fqfQX.html,1000,IBall Music System
https://www.olx.in/item/speaker-stands-pair-brand-partington-uk-heavy-ID1fqfQw.html,9200,Speaker stands (pair) Brand Partington (UK) Heavy
https://www.olx.in/item/iball-clarity-headsets-box-ID1fqfc1.html,450,IBall Clarity Headsets Box
https://www.olx.in/item/gray-crt-tv-ID1fqfOt.html,7000,Gray CRT TV
https://www.olx.in/item/hathwya-set-boxs-2-no-good-canadian-ID1fqfTp.html,1300,"Hathwya set boxs,2.no..good Canadian"
https://www.olx.in/item/32-inch-smart-curved-samsung-sony-panel-led-tv-ID1fqfV5.html,15500,"32 inch smart curved samsung, sony panel led tv,"
https://www.olx.in/item/38-592-sivam-flat-odhav-ahmdabad-ID1fqfWZ.html,12000,38/592 sivam flat odhav ahmdabad
https://www.olx.in/item/black-panasonic-led-screen-tv-ID1fcFUj.html,22000,Black Panasonic LED screen TV
https://www.olx.in/item/new-sony-home-theater-21000-w-4-1-channel-dabba-ID1fqg1B.html,1450,New Sony Home Theater 21000 W & 4 1 Channel Dabba
https://www.olx.in/item/4pieces-of-cable-setupbox-its-good-working-ID1fqg2p.html,650,4pieces of cable setupbox its good working
https://www.olx.in/item/6-month-again-good-start-dvd-ID1fqg3d.html,1550,6 month again good start dvd
https://www.olx.in/item/crt-tv-for-sale-ID1fqg1z.html,1750,CRT TV for sale
https://www.olx.in/item/black-philips-crt-tv-ID1fqg3h.html,6000,Black Philips CRT TV
https://www.olx.in/item/gray-crt-tv-ID1fqf4J.html,2500,Gray CRT TV
https://www.olx.in/item/gray-crt-tv-ID1fqf5Z.html,5200,Gray CRT TV
https://www.olx.in/item/24-sony-full-hd-tv-full-hd-with-warranty-ID1ds2LF.html,6500,"24""Sony Full HD TV full hd with warranty"
https://www.olx.in/item/torch-led-battery-pawaani-peni-navi-1-price-50-rs-ID1fqf4r.html,50,Torch led battery pawaani peni navi 1 price 50 rs
https://www.olx.in/item/32-sony-led-smart-tv-full-hd-with-warranty-ID1djmqw.html,11999,"32""Sony LED Smart TV full hd with warranty"
https://www.olx.in/item/flat-screen-tv-with-remote-ID1fqf6X.html,2500,Flat Screen TV With Remote
https://www.olx.in/item/hello-im-selling-my-jbl-sub-woofers-and-accsories-ID1fqf6F.html,15500,Hello im selling my JBL sub woofers and accsories
https://www.olx.in/item/onida-brand-tv-ID1fbymX.html,3500,Onida brand TV
https://www.olx.in/item/samsung-earphone-original-ID1fqfaD.html,250,Samsung earphone original
https://www.olx.in/item/lgultra4khdled3d-smarttv-49inches-including-sound-bar-immediate-sale-ID1fqfiD.html,85000,LgUltra4kHdLed3d SmartTv 49inches including sound bar immediate sale
https://www.olx.in/item/ab-saste-mai-led-all-size-available-1year-warranty-with-bill-ID1fqeO3.html,7499,Ab saste mai led all size available 1year warranty with bill
https://www.olx.in/item/lg-crt-tv-in-kanpur-shyam-nagar-21-inch-lg-ID1fqfbh.html,4000,LG CRT TV In Kanpur Shyam Nagar -21 Inch -LG
https://www.olx.in/item/sony-full-hd-led-tv-klv-40r452-ID1fqfqF.html,22500,Sony full HD led TV klv-40r452
https://www.olx.in/item/samsung-46inch-3d-smart-led-tv-with-box-excellent-ID1fqflh.html,35000,Samsung 46inch 3d Smart Led Tv with Box excellent
https://www.olx.in/item/tv-kontra-educational-book-ID1fqfqp.html,1600,TV Kontra Educational Book
https://www.olx.in/item/gray-crt-tv-ID1fqfrp.html,8000,Gray CRT TV
https://www.olx.in/item/now-first-time-lucknow-in-computer-formatting-at-ID1fqfnD.html,200,Now first time lucknow in computer formatting at
https://www.olx.in/item/29-inch-tv-in-mint-condition-selling-only-bcz-of-shifting-only-ID1f56uH.html,3400,"29 inch TV IN MINT CONDITION,selling only bcz of shifting only"
https://www.olx.in/item/32-inch-samsung-sony-panel-led-tv-892322885-5-ID1fqfoN.html,11500,"32 inch samsung sony panel led tv, 892322885.5"
https://www.olx.in/item/apple-tv-64gb-4th-gen-ID1fqeGJ.html,10000,Apple TV 64gb 4th gen
https://www.olx.in/item/samsung-led-tv-40-inch-ID1f4INl.html,20500,Samsung Led TV 40 Inch
https://www.olx.in/item/showcase-cupboard-in-good-condition-ID1fhACn.html,3000,Showcase cupboard in good condition
https://www.olx.in/item/good-condition-nice-sound-2-2channel-ID1fqfuH.html,2500,"Good condition,nice sound,2.2channel"
https://www.olx.in/item/gray-philips-crt-television-and-woden-troli-ID1fqeuX.html,5000,Gray Philips CRT Television and woden troli
https://www.olx.in/item/usb-88659179-93-ID1fqewj.html,600,USB 88659179.93
https://www.olx.in/item/soy-home-theater-ID1fqewz.html,15000,Soñy home theater
https://www.olx.in/item/set-of-2-subwoofers-one-is-unused-and-other-ID1eXYad.html,3000,Set of 2 subwoofers...one is unused and other
https://www.olx.in/item/bluetooth-bass-speaker-ID1fqevw.html,16000,Bluetooth bass speaker...
https://www.olx.in/item/quality-is-big-digital-sound-dish-ID1fqeth.html,1850,"Quality is big, digital sound,Dish"
https://www.olx.in/item/sansui-flate-tv-good-condition-ok-h-ID1fqex3.html,2700,Sansui flate tv good condition ok h
https://www.olx.in/item/40-inch-sony-led-series-6-box-packed-with-warranty-ID1e6t0B.html,15999,40 Inch Sony LED Series 6 Box packed with warranty
https://www.olx.in/item/samsung-led-26inch-1-yr-old-ok-condition-ID1fqexR.html,9500,"Samsung led ,26inch 1 yr.old ok condition."
https://www.olx.in/item/led-tv-good-working-condition-urgent-sell-many-ID1fqeyw.html,4680,LED TV good working condition urgent sell many
https://www.olx.in/item/32-inches-daytek-lcd-tv-superb-condition-fully-ID1fqevZ.html,8500,32 inches DAYTEK LCD TV Superb Condition Fully
https://www.olx.in/item/sony-ps3-with-1-tb-hdd-52-games-ID1fqexh.html,14500,Sony ps3 with 1 tb hdd 52 games
https://www.olx.in/item/crt-television-ID1fqexW.html,2000,CRT Television
https://www.olx.in/item/speaker-for-sale-ID1fqeiP.html,800,Speaker for sale
https://www.olx.in/item/flat-screen-crt-tv-good-working-ID1fqeA3.html,4000,Flat screen crt tv good working
https://www.olx.in/item/samsung-and-sony-led-tv-ID1fgR81.html,9999,Samsung and Sony LED TV
https://www.olx.in/item/sony-led-t-v-32-inch-imported-ID1fqe73.html,12200,Sony Led T.v 32 inch imported
https://www.olx.in/item/bingou8-smart-watch-ID1bulQP.html,400,BingoU8 smart watch
https://www.olx.in/item/sony-2000-w-speaket-set-ID1fqeGr.html,1500,Sony 2000 W.speaket set
https://www.olx.in/item/bluetooth-speaker-charge-2-1100-ID1fqeF1.html,1100,Bluetooth Speaker Charge 2+ 1100/-
https://www.olx.in/item/silver-crt-tv-ID1dYZp5.html,3003,Silver CRT TV
https://www.olx.in/item/aiwa-digital-tunar-japan-ID1eHIhn.html,2250,Aiwa digital tunar Japan
https://www.olx.in/item/two-black-subwoofers-ID1fqf9r.html,5000,Two Black Subwoofers
https://www.olx.in/item/tata-indica-car-back-speaker-plywood-ID1eQpon.html,250,Tata indica car back speaker plywood
https://www.olx.in/item/redmi-note-4-back-cover-ID1fqeJ5.html,50,Redmi note 4 back cover
https://www.olx.in/item/two-black-intex-speakers-ID1fqdS7.html,4000,Two Black Intex Speakers
https://www.olx.in/item/32-inch-sony-led-tv-series-4003-box-full-hd-with-warranty-ID1ddvAL.html,9499,32 inch Sony LED TV Series 4003 Box full hd with warranty
https://www.olx.in/item/sonilex-mp3-player-ID1fqdUx.html,250,Sonilex mp3 player
https://www.olx.in/item/black-iball-speaker-ID1fqe13.html,1200,Black IBall Speaker
https://www.olx.in/item/black-and-gray-wireles-headphones-screenshot-ID1fqe0R.html,1800,Black And Gray Wireles Headphones Screenshot
https://www.olx.in/item/black-1-din-head-unit-ID1fqdXn.html,7800,Black 1-DIN Head Unit
https://www.olx.in/item/brown-wooden-tv-hutch-unit-ID1fqe11.html,12000,Brown Wooden TV Hutch unit
https://www.olx.in/item/32-inc-panasonic-tv-display-broken-ID1fqdYP.html,4000,32 Inc Panasonic TV display broken
https://www.olx.in/item/32-inch-videocon-4-year-but-good-quality-ID1dGEyJ.html,11000,32 inch videocon 4 year but good quality
https://www.olx.in/item/motorola-pulse-2-ID1fqe8H.html,1300,Motorola Pulse 2
https://www.olx.in/item/stereo-amplifier-pioneer-a757-ID1fqe8N.html,28000,Stereo amplifier - pioneer a757
https://www.olx.in/item/intex-multimedia-speaker-box-ID1fqe6J.html,3500,Intex Multimedia Speaker Box
https://www.olx.in/item/gray-crt-tv-ID1fqe8Z.html,2500,Gray CRT TV
https://www.olx.in/item/den-setop-box-good-working-ID1fqedp.html,800,Den setop box good working
https://www.olx.in/item/aiwa-nsx-vc28-hi-fi-not-working-ID1fqdPR.html,2300,Aiwa NSX-VC28 Hi-fi- Not Working
https://www.olx.in/item/denon-4500-along-with-dynatech-ddj3-mixer-ID1fqect.html,26000,Denon 4500 along with dynatech ddj3 mixer &
https://www.olx.in/item/green-and-white-led-bar-ID1fqecx.html,500,Green And White LED Bar
https://www.olx.in/item/black-flat-screen-tv-ID1fqdVH.html,11000,Black Flat Screen TV
https://www.olx.in/item/sealed-all-brand-leds-from-32-higher-sizes-what-ID1fqehb.html,30000,"Sealed All brand Led's from 32"" - higher sizes. what"
https://www.olx.in/item/black-lg-flat-screen-tv-ID1fqefx.html,15000,Black LG Flat Screen TV
https://www.olx.in/item/black-crt-tv-ID1fqedw.html,6000,Black CRT TV
https://www.olx.in/item/samsung-29-gray-crt-television-with-remote-ID1fqegl.html,7000,SAMSUNG 29'' Gray CRT Television With Remote
https://www.olx.in/item/intex-32inch-tv-can-be-used-as-monitor-purchased-sep17-ID1fqee3.html,15500,Intex 32inch TV can be used as monitor purchased sep17
https://www.olx.in/item/samsung-32-inch-led-smart-tv-ID1fqelN.html,12500,Samsung 32 inch led smart tv
https://www.olx.in/item/three-dvd-changer-shelf-stereo-with-fivw-speakers-ID1fg0iZ.html,7000,Three dvd changer Shelf Stereo with fivw Speakers
https://www.olx.in/item/samsung-flate-tv-with-woofar-ID1fqdqb.html,5000,Samsung flate tv with woofar
https://www.olx.in/item/in-good-condition-but-only-problem-in-its-sound-ID1fqdp9.html,3000,In good condition but only problem in it's sound
https://www.olx.in/item/sony-32-inch-smart-android-led-tv-boxes-ID1bRTlw.html,12300,Sony 32 inch smart android Led TV Boxes
https://www.olx.in/item/samsung-powebank-with-cable-jst-at-1100rs-ID1fqdrZ.html,1100,Samsung powebank with cable jst at 1100rs.
https://www.olx.in/item/black-multimedia-speaker-ID1fqdtf.html,1550,Black Multimedia Speaker
https://www.olx.in/item/good-condition-lg-flatron-21-inch-ID1fqdrT.html,3000,Good condition LG flatron 21 inch
https://www.olx.in/item/32-inch-sony-wall-mounted-smart-tv-ID1da5DH.html,12300,32 inch Sony Wall Mounted Smart TV
https://www.olx.in/item/5-years-old-lg-tv-23inch-display-in-a-good-ID1fqdnP.html,6500,5 years old LG TV 23inch display in a good
https://www.olx.in/item/never-used-original-price-is-600-ID1fqdth.html,450,Never used original price is -600₹
https://www.olx.in/item/beats-pill-red-ID1brLtl.html,13500,Beats Pill Red
https://www.olx.in/item/amazingly-sounding-f-d-speakers-with-woofer-in-ID1fqdyl.html,1400,Amazingly sounding F & D speakers with woofer in
https://www.olx.in/item/jbl-brand-headphone-ID1fqdxx.html,299,Jbl brand headphone
https://www.olx.in/item/black-sony-multimedia-speaker-ID1fqdAt.html,2500,Black Sony Multimedia Speaker
https://www.olx.in/item/sony-colour-tv-ID1fqdBf.html,5500,Sony colour tv
https://www.olx.in/item/sony-music-system-including-speaker-ID1fqdC5.html,10000,Sony music system including speaker
https://www.olx.in/item/40-inch-sony-smart-tv-box-ID1eOmlB.html,18999,40 inch Sony Smart TV Box
https://www.olx.in/item/philips-flat-screen-tv-or-sale-with-tv-stand-ID1fqdBR.html,6000,Philips flat screen tv or sale with tv stand
https://www.olx.in/item/good-condition-tv-sunsui-ID1f18Ml.html,4499,Good condition tv sunsui
https://www.olx.in/item/gray-and-black-crt-tv-ID1fqdEw.html,3000,Gray And Black CRT TV
https://www.olx.in/item/diaba-scan-pro-monitoring-system-box-ID1fqdAW.html,700,Diaba Scan Pro Monitoring System Box
https://www.olx.in/item/branded-17-lcd-good-condition-and-fixx-price-ID1fqdDR.html,2500,"Branded 17"" LCD good condition and fixx price"
https://www.olx.in/item/black-samsung-stereo-headset-with-box-ID1fqdFb.html,400,Black Samsung Stereo Headset With Box
https://www.olx.in/item/black-home-theater-system-set-ID1f7nTR.html,19000,Black Home Theater System Set
https://www.olx.in/item/32-sony-flat-screen-smart-television-with-box-ID1eNE03.html,11999,"32""Sony Flat Screen smart Television With Box"
https://www.olx.in/item/gray-widescreen-crt-tv-ID1fbpNf.html,3500,Gray Widescreen CRT TV
https://www.olx.in/item/sony-black-multimedia-speakers-3-months-service-warrenty-available-ID1fqdLh.html,9800,Sony Black Multimedia Speakers. 3 months service warrenty Available.
https://www.olx.in/item/tag-hdd-case-usb-2-0-ID1fqdi9.html,350,Tag Hdd case usb 2.0
https://www.olx.in/item/levis-multi-utility-wallet-for-cards-and-cash-ID1fqdKP.html,400,Levis multi utility wallet for cards and cash
https://www.olx.in/item/black-flat-screen-tv-ID1fqcMP.html,5000,Black Flat Screen TV
https://www.olx.in/item/speaker-for-sale-ID1fqb47.html,4000,Speaker for sale
https://www.olx.in/item/black-crt-tv-ID1fqcFl.html,3000,Black CRT TV
https://www.olx.in/item/32-sony-led-tv-full-hd-with-warranty-ID1djy01.html,9499,"32"" Sony LED TV full hd with warranty"
https://www.olx.in/item/sony-hifi-2600-watt-pmpo-music-system-working-ID1fqcPD.html,4000,Sony hifi 2600 watt pmpo music system working
https://www.olx.in/item/desktop-in-good-condition-only-2-month-use-ID1fqcPW.html,3000,Desktop in good condition...only 2 month use ...
https://www.olx.in/item/philips-dvd-player-less-used-100-working-ID1bhrOJ.html,1150,Philips DVD player less used .100% working
https://www.olx.in/item/black-corde-headset-ID1dJSu3.html,399,Black Corde Headset
https://www.olx.in/item/lg-flat-screen-television-ID1fqcPT.html,4000,LG Flat Screen Television
https://www.olx.in/item/flyball-5-1-multichannel-woth-fm-radio-remote-ID1fqcQr.html,2000,Flyball 5.1 multichannel woth FM RADIO+ Remote
https://www.olx.in/item/flat-screen-television-ID1fqcSL.html,13000,Flat Screen Television
https://www.olx.in/item/steel-series-headphone-not-used-original-product-ID1faQ8h.html,4500,Steel series headphone.Not used.Original product
https://www.olx.in/item/well-condition-sony-trintron-flat-color-tv-for-ID1fqcTd.html,5000,Well Condition SONY TRINTRON Flat Color TV for
https://www.olx.in/item/black-flat-screen-tv-with-remote-ID1fqcU7.html,4000,Black Flat Screen TV With Remote
https://www.olx.in/item/no-drive-your-repair-vhs-case-collections-ID1f2o7j.html,750,No drive & your repair VHS Case Collections
https://www.olx.in/item/sony-radio-cassette-player-model-cfs-515s-ID1fqcWf.html,1200,Sony Radio & cassette player. Model CFS-515s
https://www.olx.in/item/this-is-mobile-speaker-i-have-taken-for-700-one-ID1fqcWT.html,300,This is mobile speaker. I have taken for 700 one
https://www.olx.in/item/dishtv-hd-setup-box-with-complete-installation-ID1fqaZH.html,1199,Dishtv hd setup box with complete installation
https://www.olx.in/item/new-led-22-inch-3800-24-inch-6800-32-inch-9800-40-inch-14500-ID1fqcYp.html,3800,"New led 22 inch ""3800"" 24 inch ""6800"" 32 inch ""9800"" 40 inch ""14500"""
https://www.olx.in/item/multi-purpose-tv-cabinet-ID1fqcXh.html,3500,Multi purpose TV cabinet
https://www.olx.in/item/sony-wega-21-inch-for-sale-at-4500-ID1fqcZL.html,4500,Sony wega 21 inch for sale at 4500
https://www.olx.in/item/setup-box-new-hathway-very-good-condition-plz-call-9015-2783-49-ID1fqd1w.html,800,Setup Box new Hathway very good condition plz call 9015.2783.49
https://www.olx.in/item/two-black-dj-speakers-with-amplifier-ID1fqd2N.html,3999,Two Black dj Speakers with amplifier
https://www.olx.in/item/multimedia-speaker-ID1fqcYf.html,3000,Multimedia speaker
https://www.olx.in/item/cathode-ray-tube-television-ID1fqd3D.html,2500,Cathode Ray Tube  Television
https://www.olx.in/item/black-creative-multimedia-speaker-ID1fqd57.html,300,Black Creative Multimedia Speaker
https://www.olx.in/item/32-sony-smart-led-only-13500-new-ID1fqd7j.html,13500,32 .sony smart led only 13500 new
https://www.olx.in/item/samsung-22-inch-lcd-tv-in-full-working-condition-ID1fqd9j.html,9999,Samsung 22 inch lcd TV in full working condition.
https://www.olx.in/item/sony-bravia-32-inch-lcd-urgent-sell-ID1ehuAl.html,20000,Sony bravia 32 inch lcd urgent sell
https://www.olx.in/item/gray-crt-television-ID1fqd7P.html,2000,Gray CRT Television
https://www.olx.in/item/black-and-white-samsung-battery-ID1fqd45.html,400,Black And White Samsung Battery
https://www.olx.in/item/apple-airpods-model-a1602-excellent-condition-ID1fqdaw.html,5000,Apple Airpods Model A1602 Excellent Condition
https://www.olx.in/item/rectangular-white-power-bank-ID1fqc6b.html,300,Rectangular White Power Bank
https://www.olx.in/item/hathway-set-top-box-with-remote-control-ID1fqc4r.html,1000,Hathway set top box with remote control.
https://www.olx.in/item/50-inches-smart-led-tv-wifi-android-screen-ID1dU43j.html,30000,50' inches smart led TV. WiFi Android. screen
https://www.olx.in/item/silver-crt-tv-ID1d30dF.html,3000,Silver CRT TV
https://www.olx.in/item/32gb-memory-card-rs-400-ID1fqcTz.html,400,32gb memory card RS 400
https://www.olx.in/item/home-theater-5-1-philips-in-good-condition-no-complant-good-sound-ID1fqca9.html,1700,Home theater 5.1 philips ...in good condition.no complant...good sound
https://www.olx.in/item/sun-direct-d2h-with-full-setup-along-with-bill-ID1bFjyJ.html,1000,"SUN DIRECT D2H with FULL Setup along with BILL,"
https://www.olx.in/item/led-tv-for-sale-ID1fqcbd.html,14000,Led tv for sale
https://www.olx.in/item/gray-sony-component-speakers-ID1fqcbz.html,2750,Gray Sony Component Speakers
https://www.olx.in/item/vintage-speaker-sansuvi-good-condition-interested-ID1fqccb.html,7500,Vintage speaker sansuvi good condition interested
https://www.olx.in/item/black-crt-tv-ID1fqcdT.html,9500,Black CRT TV
https://www.olx.in/item/oppo-neo-7-box-ID1fqc8z.html,7000,Oppo Neo 7 Box
https://www.olx.in/item/philips-2-1-speaker-ID1fqchp.html,2300,Philips 2.1 Speaker
https://www.olx.in/item/gulab-singh-fay-sagar-rood-ajmer-ID1fqckz.html,1500,Gulab singh Fay sagar rood ajmer
https://www.olx.in/item/black-jbl-flip-portable-speaker-ID1fqckJ.html,5000,Black JBL Flip Portable Speaker
https://www.olx.in/item/samsung-43inch-led-full-condition-1-year-old-ID1fqcjN.html,25000,Samsung 43inch LED Full Condition 1 year Old
https://www.olx.in/item/lg-tv-24-inches-very-good-condition-only-2-year-ID1fqclF.html,5999,LG TV 24 inches very good condition only 2 year
https://www.olx.in/item/sony-32-cm-smart-internet-tv-new-15-days-ago-ID1fqcmr.html,28000,Sony . 32 cm .smart internet tv. new 15 days ago
https://www.olx.in/item/gray-crt-television-ID1fqcmx.html,1500,Gray CRT Television
https://www.olx.in/item/two-black-home-stereo-speakers-ID1fqbxD.html,6001,Two Black Home Stereo Speakers
https://www.olx.in/item/samsung-mu5570-led-55-inchs-sellbox-ID1fqbxx.html,75000,Samsung MU5570 Led 55 Inchs sellbox
https://www.olx.in/item/black-ipod-touch-5th-generation-ID1fqbz9.html,2000,Black IPod Touch 5th Generation
https://www.olx.in/item/videocon-flat-screen-tv-with-videocon-d2h-settop-ID1fqbAW.html,2500,Videocon flat screen TV with Videocon D2H settop
https://www.olx.in/item/sony-led-television-urgent-sale-ID1fqcnZ.html,21500,Sony Led Television Urgent Sale
https://www.olx.in/item/kenwood-car-subwoofer-set-ID1fqccx.html,3000,Kenwood Car Subwoofer Set
https://www.olx.in/item/black-flat-screen-tv-ID1fqbD1.html,6500,Black Flat Screen TV
https://www.olx.in/item/target-5-1-home-theatre-4-tower-speakers-1-center-ID1f8da9.html,5000,Target 5.1 home theatre 4 tower speakers 1 center
https://www.olx.in/item/black-lg-crt-tv-ID1fqbBT.html,4000,Black LG CRT TV
https://www.olx.in/item/packed-not-even-used-once-ID1fqbDR.html,10000,Packed. not even used once
https://www.olx.in/item/black-tv-box-ID1fqbEj.html,500,Black TV Box
https://www.olx.in/item/1150watts-black-jbl-subwoofer-cone-ID1fqbHB.html,4800,1150watts Black JBL Subwoofer Cone
https://www.olx.in/item/iphone-7-plus-charger-and-headset-new-one-ID1fqbGr.html,3000,Iphone 7 plus charger and headset.. New one..
https://www.olx.in/item/i5-4570-4genration-processor-sale-price-rs-12000-ID1fqbEf.html,12000,I5 4570 4genration Processor Sale Price Rs.12000
https://www.olx.in/item/apple-earpods-orginal-ID1fqbJ9.html,1000,Apple earpods orginal
https://www.olx.in/item/led-tv-intex-24-inch-new-condition-ID1fggzh.html,9000,Led TV intex 24 inch new condition
url,price,title
https://www.olx.in/item/wireless-keyboard-and-mouse-unused-brand-new-ID1fqgvT.html,1000,Wireless keyboard and mouse unused brand new
https://www.olx.in/item/brown-ipod-nano-7th-gen-ID1fqhO9.html,6000,Brown IPod Nano 7th Gen
https://www.olx.in/item/gaming-mouse-redragon-ID1fqetz.html,1000,Gaming mouse Redragon
https://www.olx.in/item/new-hp-16-port-gigabit-switch-ID1fqeCJ.html,5200,New HP 16 Port Gigabit Switch
https://www.olx.in/item/quantum-qhmpl-group-usb-card-reader-ID1fqeq7.html,150,Quantum QHMPL GROUP USB Card Reader
https://www.olx.in/item/zotac-graphic-card-ID1fqeBr.html,2500,Zotac graphic Card
https://www.olx.in/item/two-red-and-white-micromax-usb-flash-drives-ID1fqevz.html,500,Two Red And White Micromax USB Flash Drives
https://www.olx.in/item/hp-original-adapter-ID1fqeJ1.html,350,Hp original adapter
https://www.olx.in/item/new-only-2-month-old-bluetooth-headphones-ID1fqeFr.html,1000,New only 2 month old Bluetooth headphones
https://www.olx.in/item/black-sapphire-graphics-card-ID1fqf6d.html,3000,Black Sapphire Graphics Card
https://www.olx.in/item/3monts-old-intex-7-5ah-ups-battery-ID1fqf1F.html,500,3monts old intex 7.5ah UPS battery
https://www.olx.in/item/ram-2gb-ddr-3-ID1fcUR1.html,950,RAM 2gb DDR 3 .
https://www.olx.in/item/pure-sinewave-home-ups-inverter-ID1eK6MH.html,16000,Pure sinewave home ups inverter
https://www.olx.in/item/canon-cs100-connect-station-advertisement-ID1fqf4z.html,7499,Canon CS100 Connect Station Advertisement
https://www.olx.in/item/tp-link-wifi-router-tl-wr841n-ID1f9sUn.html,500,TP Link wifi router TL-WR841N
https://www.olx.in/item/i-want-to-sell-my-sony-earphones-ID1fqa9w.html,950,I want to sell my sony earphones
https://www.olx.in/item/ps3-cds-for-sale-hardly-used-in-good-working-ID1fqahZ.html,6200,PS3 CD's for sale. Hardly used. In good working
https://www.olx.in/item/five-wild-stone-bottles-ID1fqae3.html,250,Five Wild Stone Bottles
https://www.olx.in/item/all-types-games-for-pc-in-original-condition-ID1fqajw.html,150,All types games for pc in original condition
https://www.olx.in/item/wwe-2k18-for-pc-call-me-ID1fqaep.html,220,Wwe 2k18 for PC call me
https://www.olx.in/item/brand-new-xbox-one-1tb-ID1fqaix.html,20500,Brand New XBOX One 1TB
https://www.olx.in/item/zeb-945-montherboard-ID1fqgHh.html,2000,Zeb 945 montherboard
https://www.olx.in/item/black-and-white-netgear-and-baton-modem-routers-with-boxes-ID1fqgI3.html,1800,Black And White Netgear And Baton Modem Routers With Boxes
https://www.olx.in/item/dell-laptop-ID1fqgKZ.html,24500,Dell Laptop
https://www.olx.in/item/noosy-nano-sim-adapter-ID1fqgSx.html,50,Noosy Nano Sim Adapter
https://www.olx.in/item/tvs-original-keyboard-for-sale-3000-me-new-aata-he-ID1fqgD1.html,2300,TVS Original Keyboard for sale 3000 me new aata he
https://www.olx.in/item/d-link-n-150-wifi-router-is-for-sale-ID1dQSKF.html,1000,D-link N-150 Wifi Router Is For Sale
https://www.olx.in/item/chromecast-anycast-device-convert-normal-flat-tv-ID1fqgNz.html,1200,Chromecast Anycast device. convert normal flat TV
https://www.olx.in/item/32-g-b-otg-3-0-pen-drive-ID1fqgWZ.html,599,32 G.b Otg 3.0 Pen Drive
https://www.olx.in/item/tenda-te-n3-wi-fi-n150-router-ID1fqgYz.html,500,Tenda TE-N3 Wi-Fi-N150 Router
https://www.olx.in/item/7-month-good-condition-mic-want-to-buy-call-on-ID1fqgVJ.html,899,7 month good condition mic want to buy call on
https://www.olx.in/item/silver-hp-flash-drive-ID1fqh2j.html,250,Silver HP Flash Drive
https://www.olx.in/item/desktop-memory-kit-16-gb-ID1dwsuW.html,11000,Desktop Memory Kit - 16 GB
https://www.olx.in/item/udhayakumar-kelambakkam-ID1fqheW.html,1300,Udhayakumar kelambakkam
https://www.olx.in/item/black-psp-handheld-game-console-urgent-need-of-money-ID1eCIaW.html,9000,Black PSP Handheld Game Console urgent need of money
https://www.olx.in/item/2-set-of-1-gb-ddr-2-ram-ID1fqhcj.html,1400,2 set of 1 GB DDR 2 RAM
https://www.olx.in/item/desktop-computer-ID1fqhoR.html,9000,Desktop Computer
https://www.olx.in/item/konami-the-phantom-pain-ps4-game-case-ID1fhy2b.html,900,Konami The Phantom Pain PS4 Game Case
https://www.olx.in/item/vr-headset-ID1fqdtB.html,1200,Vr headset
https://www.olx.in/item/ps3-black-console-new-candisan-500gb-hard-drive-ID1fqdxF.html,15200,Ps3 black console New candisan 500gb hard drive
https://www.olx.in/item/new-samsung-ddr-3-for-laptop-1600-mhz-ID1fqha7.html,2100,New Samsung DDR 3 for laptop -(1600 MHz)
https://www.olx.in/item/psp-with-8gb-memery-card-charger-a-one-candition-ID1fqdjD.html,2700,Psp with 8gb memery card charger a one candition
https://www.olx.in/item/6-month-old-a-new-un-tach-mg-16xu-yanha-mixer-ID1fqdhP.html,24000,6 month old a new un tach mg 16xu yanha mixer
https://www.olx.in/item/wii-full-set-ID1eCHdR.html,4000,Wii Full Set...
https://www.olx.in/item/uncharted-4-a-thiefs-end-ps4-game-case-ID1fqdqJ.html,1400,Uncharted 4 A Thief's End PS4 Game Case
https://www.olx.in/item/ps3-slim-for-sale-ID1fqdgb.html,9000,Ps3 slim for sale
https://www.olx.in/item/gta-5-for-xbox-360-in-a-very-good-condition-ID1fqdGf.html,1500,Gta 5 for xbox 360 in a very good condition
https://www.olx.in/item/sony-ps3-slim-console-ID1fqdX7.html,10000,Sony PS3 Slim Console
https://www.olx.in/item/sony-mdr-xb650-bt-wireless-headphone-in-black-ID1fqdVN.html,5800,Sony mdr xb650 bt wireless headphone in black
https://www.olx.in/item/black-sony-ps3-slim-console-with-controllers-and-game-cases-ID1fqe39.html,15000,Black Sony PS3 Slim Console With Controllers And Game Cases
https://www.olx.in/item/xbox-360-game-sale-seal-pack-at-lower-price-ID1fheRh.html,298,Xbox 360 Game sale seal pack at lower price
https://www.olx.in/item/fifa-18-pc-game8-dvds-fully-working-ID1fqdsh.html,500,FIFA 18 pc game(8 dvd's) Fully working
https://www.olx.in/item/ps2-game-case-collection-ID1fqe0F.html,50,PS2 Game Case Collection
https://www.olx.in/item/ps3-controller-sell-or-exchange-with-games-ID1fdtBR.html,500,Ps3 controller sell or exchange with games
https://www.olx.in/item/ps4-slim-1tb-ID1fqeOf.html,42000,Ps4 Slim 1tb
https://www.olx.in/item/black-xbox-360-console-with-controller-ID1fqeEx.html,12500,Black Xbox 360 Console With Controller
https://www.olx.in/item/new-violins-with-bow-rosin-case-great-sound-and-ID1fqePh.html,3300,"New violins with bow rosin case, great sound and"
https://www.olx.in/item/new-ps2-controller-per-piece-350-new-ps2-ID1fqf3p.html,350,New Ps2 Controller per Piece :- ₹350 New Ps2
https://www.olx.in/item/this-is-single-owner-n-one-year-insurance-n-fc-ID1fqf4d.html,150000,This is single owner n one year insurance n fc
https://www.olx.in/item/amkette-truebeats-x9-metal-headset-with-mic-ID1ex9of.html,400,Amkette truebeats X9 metal headset with mic (
https://www.olx.in/item/saitek-flight-yoke-with-throttle-qudrant-ID1buyrl.html,9500,Saitek Flight Yoke with Throttle Qudrant
https://www.olx.in/item/black-sony-ps3-slim-console-with-controller-ID1fqfnl.html,13000,Black Sony PS3 Slim Console With Controller
https://www.olx.in/item/ps3-slim-console-ID1boJzL.html,12499,Ps3 slim console
https://www.olx.in/item/all-sizes-available-ID1fqfy7.html,7999,All sizes available
https://www.olx.in/item/street-cricket-2-ps2-game-ID1f0h2b.html,2800,Street Cricket 2 PS2 Game
https://www.olx.in/item/ps3-games-in-low-price-digital-games-available-for-all-models-ps3-ID1etk1F.html,1997,Ps3 games in low price digital games available for all models ps3
https://www.olx.in/item/ghost-recon-wildlands-pc-ID1fqgqH.html,300,Ghost Recon Wildlands (pc)
https://www.olx.in/item/xbox-one-with-gta-5-free-ID1fqh7L.html,23000,Xbox one With GTA 5 free
https://www.olx.in/item/fifa-17-ps4-game-poster-ID1eX6VX.html,1800,Fifa 17 PS4 Game Poster
https://www.olx.in/item/asus-zenfone-10500-mah-ID1fqhdl.html,1500,Asus zenfone 10500 mah
https://www.olx.in/item/buy-ps-4-god-of-war-game-ID1fqgmD.html,1400,Buy ps 4 god of war game
https://www.olx.in/item/new-microsoft-earphone-ID1fqguw.html,300,New Microsoft earphone
https://www.olx.in/item/u-s-a-flag-printed-3-blade-fidget-spinner-ID1fqhh9.html,50,U.S.A. Flag Printed 3-blade Fidget Spinner
https://www.olx.in/item/all-types-of-pc-games-are-sold-by-me-please-ID1fqh63.html,60,All types of pc games are sold by me please
https://www.olx.in/item/xbox-360-console-with-one-wireless-controller-ID1fqhzb.html,18000,Xbox 360 Console with one wireless controller
https://www.olx.in/item/new-brand-sony-led-tv-full-hd-with-warranty-or-bill-discounted-price-ID1dKRD3.html,7499,New Brand Sony LED TV Full HD With Warranty Or Bill Discounted price
https://www.olx.in/item/drive-club-ps4-ID1fqiaZ.html,1200,Drive club ps4
https://www.olx.in/item/ps3-with-3-games-and-1-joystick-1-controller-ID1fqhEN.html,8000,Ps3 with 3 games and 1 joystick 1 controller
https://www.olx.in/item/black-sony-playstation-2-with-4-cool-games-ID1fq75l.html,6000,Black Sony PlayStation 2 with 4 cool games
https://www.olx.in/item/gta-v-for-pc-ID1dr6EB.html,300,Gta V For Pc
https://www.olx.in/item/sony-playstation-3-500gb-with-5-games-gta-5-ID1fq7nH.html,10000,Sony playstation 3 500Gb with 5 Games GTA 5
https://www.olx.in/item/black-sony-ps2-console-with-controllers-and-game-cases-ID1fq7jL.html,5200,Black Sony PS2 Console With Controllers And Game Cases
https://www.olx.in/item/sony-playstation-3-ps3-320gb-with-dualshock-ID1fq7hz.html,10000,Sony PlayStation 3 ( PS3) 320gb with DualShock
https://www.olx.in/item/sony-playstation-2-ID1dXCc9.html,12000,Sony playstation 2
https://www.olx.in/item/ps3-500-gb-console-with-2-controllers-and-2-games-ID1fhivf.html,11000,Ps3 500 gb console with 2 controllers and 2 games
https://www.olx.in/item/black-sony-psp-ID1fq7rZ.html,4500,Black Sony PSP
https://www.olx.in/item/captain-america-fidget-spinner-ID1fq7ur.html,400,Captain America - Fidget Spinner
https://www.olx.in/item/gta-v-pc-game-ID1dCAz5.html,300,Gta V Pc Game
https://www.olx.in/item/sony-psp-with-good-condition-with-all-accessories-ID1fq82l.html,2000,Sony PSP with good condition with all accessories
https://www.olx.in/item/grand-theft-auto-five-xbox-ps3-game-ID1fq7DX.html,1000,Grand Theft Auto Five Xbox PS3 Game
https://www.olx.in/item/full-massage-machine-and-body-exerciser-ID1fq81p.html,6500,"Full massage machine ,and body exerciser"
https://www.olx.in/item/all-pc-games-are-available-ID1c8W8b.html,199,All pc games are available.
https://www.olx.in/item/plyestatio-2-no-problem-good-condition-used-nd-ID1fq8a9.html,4500,Plyestatio 2 No problem. good condition used.nd
https://www.olx.in/item/guwahati-station-ID1fq8ch.html,700,Guwahati station
https://www.olx.in/item/ps2-game-for-sale-in-good-condition-interested-buyers-only-contact-ID1fq8gz.html,3500,Ps2 game for sale in good condition interested buyers only contact
https://www.olx.in/item/accnd-for-sale-ID1fq8fB.html,2000,Accnd for sale
https://www.olx.in/item/four-assorted-pc-games-4-dvd-ID1f9r2r.html,400,Four Assorted PC Games 4 Dvd
https://www.olx.in/item/ps2-hard-disk-god-of-warand-2-remote-40-game-ID1fq7Lx.html,6000,Ps2 hard disk god of warand 2 remote 40 game
https://www.olx.in/item/all-pc-games-series-callations-available-ID1f1hjl.html,200,"All pc games series callations available,"
https://www.olx.in/item/ps3-all-games-all-models-we-provide-all-type-of-ID1fq8Af.html,200,Ps3 All Games all models We Provide All Type of
https://www.olx.in/item/xbox-360-games-original-ID1fq70H.html,1500,Xbox 360 games (original)
https://www.olx.in/item/pc-game-on-demand-ready-games-gta-v-witcher-ID1fq8ht.html,249,"PC game on Demand Ready games - GTA V,Witcher"
https://www.olx.in/item/sony-playstation-ps4-500gb-with-camera-and-3-disc-ps4-game-ID1fq4f1.html,21500,Sony PlayStation ps4 500gb with camera and 3 disc ps4 game
https://www.olx.in/item/sony-playstation-ps4-500gb-with-camera-and-3-disc-ps4-games-ID1fq4hf.html,21500,Sony PlayStation ps4 500gb with camera and 3 disc ps4 games
https://www.olx.in/item/2-mattresses-of-36-size-brand-new-condition-ID1fq4cb.html,3000,"2 mattresses of 3×6 size ,brand new condition."
https://www.olx.in/item/sony-playstation-ps4-500gb-with-camera-and-3-disc-ps4-games-ID1fq4gX.html,21500,Sony PlayStation ps4 500gb with camera and 3 disc ps4 games
https://www.olx.in/item/ps3-new-cd-unwrapped-gta-4-new-cd-ID1fq4hz.html,1599,Ps3 New cd Unwrapped Gta 4 ..new cd
https://www.olx.in/item/used-cd-ps3-resistance-2-ID1fq4hX.html,499,Used Cd Ps3 Resistance 2
https://www.olx.in/item/helmet-studds-brand-new-ID1fq4k3.html,1000,Helmet studds brand new
https://www.olx.in/item/25-games-with-black-sony-ps3-super-slim-console-with-controller-ID1fq535.html,22000,25 games with Black Sony PS3 Super Slim Console With Controller
https://www.olx.in/item/black-sony-ps3-slim-game-console-ID1f1dgW.html,10500,Black Sony Ps3 Slim Game Console
https://www.olx.in/item/darkness-ps3-game-case-ID1fq57h.html,600,Darkness PS3 Game Case
https://www.olx.in/item/fifa-18-full-game-no-dvd-bring-either-ur-ID1fq57j.html,500,FIFA 18 Full game No DVD Bring either Ur
https://www.olx.in/item/brand-new-sealed-sony-ps4-slim-500gb-bill-1-year-sony-warranty-ID1djPhW.html,22990,Brand New Sealed Sony PS4 Slim 500Gb BILL 1 year Sony Warranty
https://www.olx.in/item/the-last-of-us-ps3-game-case-ID1fq587.html,600,The Last Of Us PS3 Game Case
https://www.olx.in/item/deadrising-2-ps3-game-case-ID1fq58X.html,400,DeadRising 2 PS3 Game Case
https://www.olx.in/item/naruto-ultimate-ninja-storm-generation-5-sony-ps3-game-case-ID1fq59T.html,600,Naruto Ultimate Ninja Storm Generation 5 Sony Ps3 Game Case
https://www.olx.in/item/black-sony-ps2-game-console-and-game-controller-with-one-game-cd-ID1b4euD.html,5300,Black Sony Ps2 Game Console And Game Controller with one game cd
https://www.olx.in/item/gta-v-for-pc-chat-with-me-for-more-details-ID1fq5vz.html,150,GTA V FOR PC . Chat with me for more details
https://www.olx.in/item/four-xbox-one-game-cases-ID1fq5zW.html,2500,Four Xbox One Game Cases
https://www.olx.in/item/black-and-yellow-auto-rickshaw-ID1fq5Bz.html,75000,Black And Yellow Auto Rickshaw
https://www.olx.in/item/pes-2018-game-ID1fq5F1.html,100,PES 2018 Game
https://www.olx.in/item/i-want-to-sell-my-sony-psp-urgently-due-to-some-personal-reasons-ID1f0K2B.html,3500,"I want to sell my Sony psp urgently due to some personal reasons ,"
https://www.olx.in/item/koi-v-es-munda-tu-game-na-lya-eh-frood-a-ps-4-ID1fq5Up.html,200,Koi v es munda tu game na lya Eh FROOD a PS 4
https://www.olx.in/item/ps3-games-like-new-in-box-callofduty-nfs-gtaiv-ID17xLJ1.html,2349,"PS3 games like new in box (callofduty,NFS,gtaIV)"
https://www.olx.in/item/wanted-used-clothes-girls-boys-ID1fq5Ub.html,50,Wanted. Used clothes. Girls& boys
https://www.olx.in/item/w2k17-sony-ps4-game-ID1fq2Gf.html,1500,W2K17 Sony PS4 Game
https://www.olx.in/item/dji-osmo-plus-with-extra-battery-hav-used-only-ID1fq2Or.html,38000,Dji OSMO PLUS with extra battery.. Hav used only
https://www.olx.in/item/uncharted-the-lost-legacy-in-excellent-condition-ID1fq2T1.html,2000,Uncharted The Lost Legacy in excellent condition
https://www.olx.in/item/black-sony-psp-with-case-ID1f1acb.html,4000,Black Sony PSP With Case
https://www.olx.in/item/ps3-kill-zone-3-cd-ID1fq4iW.html,499,Ps3 kill zone 3 cd
https://www.olx.in/item/5games-inbuilt-original-8gbcard-with-original-ID1fq2YB.html,3500,5games inbuilt original 8gbcard..with original
https://www.olx.in/item/playstation-2-ID1fq3fF.html,4500,Playstation 2
https://www.olx.in/item/sony-psp-2-month-old-ID1ePKkX.html,1000,Sony PSP 2 month old
https://www.olx.in/item/sony-ps3-super-slim-console-with-two-controllers-ID1fq3mJ.html,13500,Sony PS3 Super Slim Console With Two Controllers
https://www.olx.in/item/god-of-war-sony-ps2-game-case-ID1fq38x.html,100,God Of War Sony PS2 Game Case
https://www.olx.in/item/fifa-16-sony-ps3-case-ID1fq3wJ.html,1500,Fifa 16 Sony PS3 Case
https://www.olx.in/item/xbox-360-battlefield-hardline-brand-new-condition-ID1dWXZt.html,900,XBOX 360 Battlefield Hardline Brand New Condition
https://www.olx.in/item/grand-theft-auto-five-game-case-ID1fq3uR.html,199,Grand Theft Auto Five Game Case
https://www.olx.in/item/brand-new-sony-ps4-1tb-with-free-games-ID1fq3AP.html,30000,Brand new Sony PS4 1TB with free games
https://www.olx.in/item/ps-4-slim-500-gb-sealed-pack-with-3-games-cd-s-with-1-year-warranty-fr-ID1ezcH5.html,26999,"PS 4 Slim 500 gb sealed Pack With 3 Games Cd,s with 1 year warranty fr"
https://www.olx.in/item/grand-theft-auto-five-ps3-game-case-ID1fq3DJ.html,1000,Grand Theft Auto Five PS3 Game Case
https://www.olx.in/item/fifa-17-ps4-cd-good-condition-ID1ersTB.html,1100,Fifa 17 Ps4 Cd Good Condition
https://www.olx.in/item/ps-4-assassins-creed-syndicate-brand-new-condition-ID1eUSxd.html,999,PS 4 Assassin's Creed: Syndicate Brand New Condition
https://www.olx.in/item/hardly-used-cd-in-great-condition-ID1fq3FZ.html,900,Hardly used cd in great condition
https://www.olx.in/item/ps3-cd-pes-2014-hardly-used-cd-in-good-ID1fq3HH.html,900,"Ps3 cd, pes 2014, Hardly used cd in good"
https://www.olx.in/item/xbox-one-kinect-with-bill-just-10-month-old-with-warranty-of-2-month-w-ID1dWXuR.html,7000,XBOX One Kinect With Bill Just 10 Month old With Warranty of 2 Month W
https://www.olx.in/item/ps-4-slim-500-gb-hdr-sealed-pack-with-bill-of-the-date-with-origin-ID1fgIGt.html,23994,"PS 4 Slim 500 GB HDR , Sealed Pack , with bill of the date With Origin"
https://www.olx.in/item/ps-3-need-for-speed-rival-complete-edition-in-great-condition-too-expe-ID1eUSsF.html,2000,PS 3 Need for speed rival complete edition In great condition Too expe
https://www.olx.in/item/resident-evil-7-biohazard-ps4-ID1fq3J5.html,2000,Resident Evil 7 Biohazard Ps4
https://www.olx.in/item/four-floor-tom-tom-drums-ID1fq3Jn.html,4500,Four Floor Tom Tom Drums
https://www.olx.in/item/ps-4-and-xbox-one-on-rent-for-rs-5000-per-month-with-rs-20000-monthly-ID1f6q2h.html,792,PS 4 And Xbox one on rent for rs 5000 per month with rs 20000 monthly
https://www.olx.in/item/ps-3-driver-san-francisco-collection-brand-new-condition-no-exchang-ID1fq3NZ.html,900,PS 3 Driver: San Francisco - Collection Brand New Condition No Exchang
https://www.olx.in/item/shadow-of-war-and-tekken-7-ps4-ID1fq3Jp.html,2500,Shadow of War and Tekken 7 - PS4
https://www.olx.in/item/ps-3-twisted-metal-from-the-creator-of-twisted-metal-and-god-of-war-t-ID1fq3QX.html,1600,"PS 3 Twisted Metal From the creator of Twisted Metal and God of War, T"
https://www.olx.in/item/3-ps2-game-cds-in-good-condition-hardly-used-and-ID1fq3Vt.html,700,3 ps2 game cds in good condition Hardly used and
https://www.olx.in/item/ps2-with-160gb-hard-disk-with-apx-40-games-ID1fq3Uz.html,5700,PS2 with 160GB hard disk with apx 40 games
https://www.olx.in/item/ps-3-batman-arkham-origins-brand-new-condition-fixed-price-no-exchang-ID1fq41L.html,700,PS 3 Batman: Arkham Origins Brand New Condition Fixed Price No Exchang
https://www.olx.in/item/pc-steam-account-7-top-games-ID1fq3XR.html,5000,PC Steam Account (7 Top Games)
https://www.olx.in/item/the-last-guardian-ps4-game-only-7-days-old-ID1eaVVj.html,1700,The last guardian ps4 game. only 7 days old.
https://www.olx.in/item/gray-ps2-slim-with-two-game-controller-and-assorted-game-discs-ID1fq0sb.html,3500,Gray PS2 Slim With Two Game Controller And Assorted Game Discs
https://www.olx.in/item/mafia-3-ps4-game-excellent-condition-ID1fq0Kl.html,1100,"Mafia 3 ps4 game, excellent condition"
https://www.olx.in/item/few-other-genres-also-ID1fq0G7.html,500,Few other genres also
https://www.olx.in/item/the-elder-scrolls-online-ps4-game-very-good-ID1fq0S7.html,600,The elder scrolls online ps4 game very good
https://www.olx.in/item/driveclub-ps4-game-best-condition-cd-ID1fq41f.html,999,Driveclub ps4 game. best condition CD
https://www.olx.in/item/both-shadow-of-war-and-evil-within-2-combined-ID1fq0Tn.html,400,Both shadow of war and evil within 2 combined
https://www.olx.in/item/game-of-thrones-all-episodes-from-season-1-to-ID1fq0Vr.html,70,GAME OF THRONES All episodes from Season 1 to
https://www.olx.in/item/original-sony-psp-1006-less-use-with-1-ID1fq13D.html,5500,Original​ Sony PSP 1006 less use with 1
https://www.olx.in/item/xbox-one-s-1tb-with-extra-controller-ID1fq1dF.html,22000,Xbox one s 1TB with extra controller
https://www.olx.in/item/black-sony-ps3-500gb-console-with-2-controllers-and-6-games-cds-ID1fq14W.html,17999,Black Sony PS3 500gb Console With 2 Controllers And 6 Games CDs
https://www.olx.in/item/ps4-remote-ID1fq1df.html,3500,Ps4 remote
https://www.olx.in/item/perfume-premium-face-tissues-box-ID1fq1fz.html,65,Perfume Premium Face Tissues Box
https://www.olx.in/item/black-sony-ps2-slim-console-with-controller-new-2-month-use-ID1fq1fD.html,5500,Black Sony PS2 Slim Console With Controller New 2 month use
https://www.olx.in/item/imported-moga-hero-power-controller-cum-powerbank-ID1cVsVW.html,2000,Imported MoGa hero power controller cum powerbank.
https://www.olx.in/item/rent-with-security-deposit-ID1fq1hw.html,200,Rent with security deposit
https://www.olx.in/item/wwe-2k17-ps4-ID1fq1j1.html,1700,Wwe 2k17 ps4
https://www.olx.in/item/wwe-2k18-ps4-at-correct-price-ID1fq1jh.html,3000,WWE 2K18 (PS4) At Correct Price!
https://www.olx.in/item/minions-drone-ID1fq1tZ.html,2500,Minions Drone
https://www.olx.in/item/brand-new-keyboard-for-sale-ID1fq1u3.html,9000,Brand new Keyboard for sale
https://www.olx.in/item/new-unused-external-1tb-hdd-segate-slim-backup-plus-ID1fq1vr.html,3899,New Unused External 1tb Hdd Segate Slim Backup plus
https://www.olx.in/item/four-assorted-sony-ps4-games-ID1fq1kJ.html,4000,Four Assorted Sony PS4 Games
https://www.olx.in/item/sony-playstation-2-with-1-wired-and-1-wireless-ID1fq1Sx.html,4000,Sony PlayStation 2 with 1 wired and 1 wireless
https://www.olx.in/item/hitman-ps4-game-case-ID1fq1Nf.html,2000,Hitman PS4 Game Case
https://www.olx.in/item/black-sony-bluetooth-speaker-sealpacked-purchasedinsep-ID1fq1Zh.html,5000,Black sony Bluetooth speaker #SealPacked #PurchasedInSep
https://www.olx.in/item/one-black-and-one-gray-wooden-sideboards-ID1fq27p.html,10000,One Black And One Gray Wooden Sideboards
https://www.olx.in/item/fifa-18-ps4-tournament-ID1fq25w.html,1000,FIFA 18 PS4 Tournament
https://www.olx.in/item/the-evil-within-2-ps4-price-fixed-no-exchanges-plz-one-week-old-ID1fq2b7.html,3200,"The Evil Within 2 PS4 price fixed,no.exchanges plz one.week.old"
https://www.olx.in/item/sony-ps4-original-2014-model-with-controller-and-six-games-ID1fq2gn.html,22000,Sony PS4 Original 2014 model With Controller And Six Games
https://www.olx.in/item/ps4-v2-only-2-months-old-i-dont-have-the-bill-ID1fq2gR.html,2000,PS4 V2 only 2 months old I don't have the bill
https://www.olx.in/item/60-games-20-pc-20-ps2-20-ps1-1-original-ps2-cd-free-ID1eUrgT.html,1000,"(60 Games) 20 PC ,20 PS2 + 20 PS1+ 1 original PS2 CD FREE"
https://www.olx.in/item/ps4-controller-v1-ds4-ID1fq2lp.html,2400,PS4 Controller V1 DS4
https://www.olx.in/item/black-sony-psp-2000-handheld-game-console-ID1fq0zX.html,3000,Black Sony PSP 2000 Handheld Game Console
https://www.olx.in/item/ps4-the-last-guardian-for-sell-ID1fq2s3.html,1800,PS4 the Last Guardian for sell
https://www.olx.in/item/the-last-of-us-remastered-sony-ps4-ID1fq2v9.html,850,The Last Of Us Remastered Sony PS4
https://www.olx.in/item/sony-ps4-second-son-game-case-ID1dEOCZ.html,999,Sony PS4 Second Son Game Case
https://www.olx.in/item/dmc-definative-1500-inr-ID1fpYnN.html,1500,Dmc Definative 1500 Inr
https://www.olx.in/item/har-game-ke-rs-50-fix-100rs-above-3gb-for-pc-ID1fpYrw.html,50,Har game ke rs 50 fix 100rs ( above 3gb ) for pc
https://www.olx.in/item/sony-ps3-super-slim-console-with-1-controller-ID1fpYxb.html,9000,Sony PS3 Super Slim Console With 1 Controller
https://www.olx.in/item/sony-ps4-slim-1tb-with-four-games-3-disc-one-ID1fpXSN.html,24000,Sony PS4 Slim 1TB with Four Games 3 disc + one
https://www.olx.in/item/great-game-great-condition-ID1fpYub.html,1000,Great game great condition
https://www.olx.in/item/fifa-18-tournament-ID1fpYvz.html,60,Fifa 18 Tournament
https://www.olx.in/item/call-of-duty-advance-warfare-sony-ps4-game-case-ID1fpYCr.html,800,Call Of Duty Advance Warfare Sony PS4 Game Case
https://www.olx.in/item/sony-ps4-500gb-brand-new-ID1fpYGp.html,25000,Sony Ps4 500gb Brand New!
https://www.olx.in/item/destiny-game-ID1fpYq5.html,1200,Destiny Game
https://www.olx.in/item/avon-company-manual-4-in-one-multi-jogger-ID1eRRI7.html,10000,AVON company Manual 4 in one multi jogger
https://www.olx.in/item/also-can-exchange-with-games-ID1fpYT9.html,1000,Also can exchange with games
https://www.olx.in/item/xbox-360-in-good-condition-500gb-with-call-of-ID1f0cT9.html,12000,Xbox 360 in good condition 500gb with call of
https://www.olx.in/item/ps4-games-contact-for-more-details-ID1fpYUZ.html,1500,PS4 GAMES. Contact for more details
https://www.olx.in/item/two-gray-sony-speaker-woofer-240watts-ID1fpZ6z.html,3500,Two Gray Sony speaker woofer 240watts
https://www.olx.in/item/black-sony-ps2-slim-ID1fpZ7p.html,3000,Black Sony PS2 Slim
https://www.olx.in/item/musical-light-toy-train-set-for-children-ID1fpZ9p.html,600,Musical-Light Toy Train Set for Children
https://www.olx.in/item/playstation-4-games-for-rent-or-exchange-ID1fpZdW.html,300,PlayStation 4 games for rent or exchange
https://www.olx.in/item/sony-ps4-uncharted-4-game-case-ID1fpZgB.html,1900,Sony PS4 Uncharted 4 Game Case
https://www.olx.in/item/ps3-250-gb-with-6-games-including-gta-5-ID1fpZj1.html,8000,PS3 250 Gb With 6 Games Including Gta 5
https://www.olx.in/item/27-inch-sony-full-hd-tv-and-warranty-1-yr-ID1eUgAn.html,7600,27 inch sony full hd tv and warranty 1 yr
https://www.olx.in/item/wwe-2k18-now-available-on-rent-only-at-versatile-ID1fpZm9.html,200,WWE 2K18 now available on Rent only at Versatile
https://www.olx.in/item/steel-series-siberia-v2-navi-edition-gaming-headphone-mouse-keyboard-ID1eA8X5.html,10000,Steel series siberia v2 Navi Edition Gaming Headphone mouse keyboard
https://www.olx.in/item/ps4-1tb-with-2-controller-ID1fpZpB.html,29500,Ps4 1tb with 2 controller
https://www.olx.in/item/music-toy-train-set-ID1fpZq5.html,600,Music Toy Train Set
https://www.olx.in/item/xbox-360-console-11-games-2-controller-at-very-good-condition-ID1fpZOX.html,11900,Xbox 360 Console + 11 Games + 2 controller at very good condition
https://www.olx.in/item/musical-toy-train-set-for-kids-ID1fpYqj.html,600,Musical Toy Train Set for Kids
https://www.olx.in/item/avon-company-all-in-one-multi-jogger-manual-ID1eT7uF.html,10000,Avon company all in one multi jogger manual
https://www.olx.in/item/psp-e1004-play-station-with-8gb-memory-card-bill-along-ID1fpZQN.html,3200,PSP-E1004 play station with 8Gb memory card bill along
https://www.olx.in/item/fifa-16-ps4-game-in-mint-condition-for-700-bucks-ID1fpV0X.html,700,Fifa 16 ps4 game in mint condition for 700 bucks.
https://www.olx.in/item/shadow-of-mordor-pc-game-100-working-ID1fpV27.html,100,Shadow of mordor pc game 100% working
https://www.olx.in/item/assassin-creed-ezio-unity-syndicate-ID1fpV4p.html,800,"Assassin creed ezio,unity,syndicate"
https://www.olx.in/item/wwe-2k17-ps4-game-case-a-week-old-ID1fpV6r.html,1400,WWE 2K17 PS4 Game Case a week old
https://www.olx.in/item/call-of-duty-black-ops-iii-ps4-excellent-condition-ID1fpVfp.html,799,Call Of Duty Black Ops III PS4 Excellent Condition
https://www.olx.in/item/redblok-chip-mobile-radition-price-1000rs-seal-h-chip-sale-only-300-ID1eeQLL.html,300,Redblok chip mobile radition price 1000rs (seal h chip) Sale only 300
https://www.olx.in/item/uncharted-ps4-nathans-collection-seal-wrapped-ID1fpVoB.html,1800,Uncharted PS4 (Nathan's collection) (SEAL WRAPPED)
https://www.olx.in/item/ps3-brought-from-ksa-special-editionslim-ID1fensH.html,16000,Ps3 brought from KSA special edition(slim)
https://www.olx.in/item/the-last-of-us-remastered-ID1ffBpn.html,800,The last of us remastered
https://www.olx.in/item/xbox-one-two-controllers-and-kinect-ID1fpVLT.html,40000,Xbox one two controllers and Kinect
https://www.olx.in/item/fifa-18-tournament-ID1fpVY5.html,250,FIFA 18 tournament
https://www.olx.in/item/ps-2-with-2-remote-and-memory-card-memory-card-ID1fpX4w.html,2800,Ps 2 with 2 remote and memory card memory card
https://www.olx.in/item/ps-vita-1000-in-mint-condition-with-3games-4gb-card-and-accessories-ID1fpX1P.html,12000,"Ps Vita 1000 in mint condition with 3games,4gb card and accessories"
https://www.olx.in/item/ten-ps4-game-cases-ID1fpX55.html,8000,Ten PS4 Game Cases
https://www.olx.in/item/playstation-3-ID1fpXg5.html,9000,PlayStation 3
https://www.olx.in/item/1month-used-ps3-with-single-console-with-dual-controller-move-disks-ID1fpX5d.html,25000,1month used ps3 with single console with dual controller+move+disks
https://www.olx.in/item/grand-theft-auto-v-wallpaper-ID1fpWDb.html,500,Grand Theft Auto V Wallpaper
https://www.olx.in/item/nintendo-wii-console-america-imported-with-ID1eJMwP.html,9999,Nintendo Wii Console.america imported with
https://www.olx.in/item/ps4-xbox1s-games-cdlowest-price-guaranteedsealed-box-brand-new-ID1fpW3P.html,1999,Ps4 & Xbox1s Games Cd{Lowest Price Guaranteed}Sealed Box Brand New
https://www.olx.in/item/ps-4-super-slim-with-1-tb-hard-disk-with-full-ID1fpUcx.html,30000,Ps 4 (super Slim) With 1 Tb Hard Disk With Full
https://www.olx.in/item/sony-srs-xb2-box-ID1fb9DN.html,5000,Sony Srs-xb2 Box
https://www.olx.in/item/sony-ps4-fifa-16-game-case-ID1fpXpj.html,900,Sony Ps4 Fifa 16 Game Case
https://www.olx.in/item/unused-sony-3000-mah-power-bank-ID1fpXnP.html,600,[unused] Sony 3000 mah power bank
https://www.olx.in/item/new-condition-purchased-last-week-scratchless-ID1fpXw9.html,1200,New condition purchased last week scratchless
https://www.olx.in/item/uncharted-4-a-thiefs-end-ps4-ID1fpXt3.html,1600,Uncharted 4 A thief's End PS4
https://www.olx.in/item/black-sony-psp-game-console-ID1fpXxD.html,3000,Black Sony PSP Game Console
https://www.olx.in/item/ps-plus-membership-available-for-1-year-ID1el45T.html,1000,Ps Plus Membership Available For 1 Year
https://www.olx.in/item/ps3-wwe-2k17-ID1fpXT7.html,1100,PS3 WWE 2k17
https://www.olx.in/item/i-want-to-sale-ID1fpXX1.html,250000,I want to sale
https://www.olx.in/item/new-condition-ps4with-2games-and-2-controlers-ID1fpXTj.html,17999,New condition Ps4with 2games and 2 controlers
https://www.olx.in/item/gta-5-sony-ps3-game-case-ID1fpXXz.html,1200,GTA 5 Sony PS3 Game Case
https://www.olx.in/item/ps4-game-cd-ID1fpXZp.html,1700,Ps4 game CD
https://www.olx.in/item/ps4-fifa-17-game-brand-new-sealed-unused-ID1fpXlW.html,2200,"PS4 Fifa 17 game Brand new, sealed, unused."
https://www.olx.in/item/battlefield-1-xbox-one-ID1fpV0W.html,2000,Battlefield 1 Xbox One
https://www.olx.in/item/fifa-17-ps3-ID1fpXZw.html,1300,Fifa 17 Ps3
https://www.olx.in/item/no-complaint-with-charge-in-computer-all-ga-e-ID1fpUlJ.html,2700,No complaint with charge in computer all ga.e
https://www.olx.in/item/ps-3-playstation-3-500gb-2-controllers-6-games-ID1fpUwb.html,12000,"PS 3, Playstation 3 500GB 2 controllers 6 games."
https://www.olx.in/item/dragonball-z-digital-wallpaper-ID1fpXVt.html,200,Dragonball Z Digital Wallpaper
https://www.olx.in/item/gta-5-best-game-ever-ID1fpUsh.html,600,Gta 5 Best Game Ever
https://www.olx.in/item/black-sony-ps2-analog-controller-blister-package-ID1fpUwF.html,150,Black Sony PS2 Analog Controller Blister Package
https://www.olx.in/item/buy-new-ps4-xbox-one-unbox-just-rs-21999-with-ID1fpTcd.html,21999,Buy new ps4 / xbox one unbox just Rs. 21999 with
https://www.olx.in/item/15inc-led-monitor-1y-warranty-new-box-pack-82-51-888-647-ID1axf1H.html,2950,15inc LED monitor 1y warranty New box pack 82.51.888.647
https://www.olx.in/item/whicher-3-exclusive-ID1fpUAW.html,600,Whicher 3 Exclusive
https://www.olx.in/item/black-and-orange-game-console-ID1fpUA7.html,500,Black And Orange Game Console
https://www.olx.in/item/ps2-with-all-accessories-ID1fpUEh.html,2500,Ps2 with all accessories
https://www.olx.in/item/white-sony-psp-with-charger-ID1fpUJZ.html,5000,White Sony PSP With Charger
https://www.olx.in/item/black-xbox-wireless-controller-with-kinet-ID1fpUTF.html,20000,Black Xbox Wireless Controller with kinet
https://www.olx.in/item/ps4-1tb-console-and-wireless-remote-control-1god-ID1fcLix.html,19000,Ps4 1tb console and wireless remote control 1god
https://www.olx.in/item/3-medals-very-good-condition-ID1f9ct5.html,5470,3 medals very good condition
https://www.olx.in/item/bilkul-brand-new-urgent-aa-bhut-ID1fpUU7.html,13500,Bilkul brand new urgent aa bhut
https://www.olx.in/item/gta-5-xbox-360-light-used-for-sales-ID1fpUBW.html,1200,Gta 5 Xbox 360 Light Used For Sales.
https://www.olx.in/item/black-xbox-360-console-and-2-game-cd-and-joystick-and-controllers-ID1fpW7T.html,10000,Black Xbox 360 Console and 2 game CD and joystick and controllers
https://www.olx.in/item/ps4-games-in-mint-condition-far-cry-4-batman-ID1fpW7L.html,2500,"Ps4 games in mint condition. far cry 4, batman"
https://www.olx.in/item/three-ps4-game-cases-ID1fpW81.html,7000,Three PS4 Game Cases
https://www.olx.in/item/uncharted-nathan-drake-collection-ps4-ID1fpWaL.html,1600,Uncharted : Nathan Drake Collection PS4 •
https://www.olx.in/item/ps3-superslim-500gb-god-of-war-1-2-3-last-of-us-uncharted-heaven-ID1fpWcp.html,14000,"PS3 superslim 500GB + god of war 1 2 3, last of us , uncharted, heaven"
https://www.olx.in/item/sony-walkman-wm-fx481-ID1fpWe9.html,1200,Sony walkman wm fx481
https://www.olx.in/item/call-of-duty-mw3-ps3-game-case-perfectly-working-ID1fpWs3.html,500,Call Of Duty MW3 PS3 Game Case. Perfectly working.
https://www.olx.in/item/marvel-vs-capcom-ps3-disc-no-case-no-scratches-ID1fpWiJ.html,600,Marvel VS Capcom PS3 Disc. No case. No scratches.
https://www.olx.in/item/fifa-17-xbox-one-goes-cheap-ID1fpUjz.html,1500,Fifa 17 Xbox One Goes CHEAP
https://www.olx.in/item/ps4-xbox1s-games-cdlowest-price-guaranteedsealed-box-brand-new-ID1fpUQp.html,1999,Ps4 & Xbox1s Games Cd{Lowest Price Guaranteed}Sealed Box Brand New
https://www.olx.in/item/the-order-1886-ps4-witcher-3-battlefield-4-ID1fpSNN.html,3300,The Order 1886 PS4 Witcher 3 Battlefield 4
https://www.olx.in/item/sony-ps3-super-slim-console-ID1fpSQf.html,14000,Sony PS3 Super Slim Console
https://www.olx.in/item/pc-games-all-available-any-one-at-just-100-ID1fpSsb.html,100,PC games all available any one at just -100/-
https://www.olx.in/item/wwe-2k17-xbox-360-ID1elcib.html,1000,WWE 2k17 Xbox 360
https://www.olx.in/item/post-diwalu-dhamaka-special-discount-ID1fpSRD.html,350,Post Diwalu Dhamaka & Special Discount
https://www.olx.in/item/sony-extra-bass-headset-ID1fpSWp.html,2000,Sony Extra Bass Headset
https://www.olx.in/item/black-x-box-360-4-gb-console-with-4-games-ID1fpSZx.html,12000,BLACK X box 360 (4) gb console. with 4 games
https://www.olx.in/item/call-of-duty-ghosts-and-wwe-2k17-for-ps3-ID1fpT2F.html,2500,Call of duty Ghosts and wwe 2k17 for ps3
https://www.olx.in/item/brand-new-ps4-rise-of-tomb-raider-20-years-celibration-ID1fgvOn.html,1700,Brand new ps4 rise of tomb raider 20 years celibration
https://www.olx.in/item/oldeneye-007-nintendo-wii-game-case-ID1fpT7x.html,600,Oldeneye 007 Nintendo Wii Game Case
https://www.olx.in/item/wwe-takeover-150-card-ID1fpT39.html,50,WWE takeover 150 card
https://www.olx.in/item/homefront-revolution-pc-game-ID1fpSZZ.html,120,Homefront Revolution pc game
https://www.olx.in/item/call-of-duty-world-at-war-wii-game-case-ID1fpThw.html,350,Call Of Duty World At War Wii Game Case
https://www.olx.in/item/sony-psp-e1004-in-good-condition-with-memory-card-ID1fpTk3.html,3500,Sony psp E1004 in good condition with memory card
https://www.olx.in/item/black-sony-ps2-console-with-controller-and-game-cases-ID1fpTpD.html,6000,Black Sony PS2 Console With Controller And Game Cases
https://www.olx.in/item/sony-ps2-with-two-controllers-6-games-and-8-gb-memory-card-ID1fpTo5.html,3000,"Sony PS2 With Two Controllers, 6 Games and 8 GB memory card"
https://www.olx.in/item/nintendo-wii-just-dance-2014-game-case-ID1fpTnP.html,800,Nintendo Wii Just Dance 2014 Game Case
https://www.olx.in/item/lego-batman-2-dc-super-series-nintendo-wii-game-case-ID1fpTrH.html,700,Lego Batman 2 DC Super Series Nintendo Wii Game Case
https://www.olx.in/item/buy-new-ps3-320gb-with-12-digital-games-unbox-ID1fpTtr.html,12999,Buy new Ps3 320gb with 12 digital games unbox
https://www.olx.in/item/black-xbox-360-pc-ID1fpTsB.html,1200,Black Xbox 360/Pc
https://www.olx.in/item/ps4-playstation-4-in-very-good-condition-ID1fpTu3.html,21500,PS4 (PlayStation 4) in very good condition
https://www.olx.in/item/ps-4-super-slim-with-1-tb-hard-disk-with-full-ID1fpTy5.html,30000,Ps 4 (super Slim) With 1 Tb Hard Disk With Full
https://www.olx.in/item/black-sony-cx-ID1fpTAL.html,99,Black Sony CX
https://www.olx.in/item/ps4-wwe-2k17-ID1fpTEt.html,1300,Ps4 WWE 2k17
https://www.olx.in/item/pc-games-cds-100-working-ID1fpTA1.html,149,Pc games cds 100% working
https://www.olx.in/item/black-walkman-mp4-player-of-sony-excellant-ID1fpTEX.html,5000,Black Walkman Mp4 Player... Of sony.. Excellant
https://www.olx.in/item/giving-along-with-1-wireless-remote-and-any-8-ID1fpTH3.html,14000,Giving along with 1 wireless remote and any 8
https://www.olx.in/item/uncharted-the-lost-legacy-ps4-game-case-ID1fpTGd.html,1900,Uncharted The Lost Legacy PS4 Game Case
https://www.olx.in/item/gta-sanandreas-android-game-ID1fpTOw.html,100,Gta Sanandreas android game
https://www.olx.in/item/game-disc-case-lot-ID1fpTRp.html,400,Game Disc Case Lot
https://www.olx.in/item/5-ps4-games-for-8-000-ID1fpTWb.html,8000,"5 ps4 games for 8,000"
https://www.olx.in/item/xbox-360-black-ID1fpTZn.html,8500,Xbox 360 black
https://www.olx.in/item/brand-new-ps4-uncharted-4-ID1fgxGZ.html,1600,Brand new ps4 uncharted 4
https://www.olx.in/item/playstation-4-slim-500gb-ID1fpRdh.html,20000,PlayStation 4 Slim 500Gb
https://www.olx.in/item/burnout-video-game-case-ID1dpGQx.html,450,Burnout Video Game Case
https://www.olx.in/item/sony-power-bank-3000mh-ID1fpR15.html,700,Sony power bank 3000mh
https://www.olx.in/item/xbox-360-cd-ID1fpR2N.html,1300,Xbox 360 cd
https://www.olx.in/item/battlefield-1-xbox-one-game-ID1fpR6p.html,1800,Battlefield 1 Xbox One Game
https://www.olx.in/item/games-pc-ps3-ps4-xbox-all-games-available-ID1fpR2Z.html,500,"Games - pc , ps3 , PS4 , xbox... All games available"
https://www.olx.in/item/pc-controller-gamepad-new-condition-quantum-ID1fpRan.html,590,PC controller {gamepad} new condition {Quantum}
https://www.olx.in/item/thwon-hall-9-our-8max-ID1fpRlP.html,3100,Thwon hall 9 our 8max
https://www.olx.in/item/three-xbox-one-game-cases-ID1fpRvX.html,2000,Three Xbox One Game Cases
https://www.olx.in/item/black-sony-ps3-slim-console-with-controller-320-gb-full-loaded-ganes-ID1fpRtX.html,14000,Black Sony PS3 Slim Console With Controller 320 GB full loaded ganes
https://www.olx.in/item/-ID1dDtNN.html,100,ટેબલ ખુરશી પલંગ તથા દરેક વસ્તુ ના દટ્ટા મળશે
https://www.olx.in/item/lg-portable-dvd-writer-gp30-b-ID1fpREP.html,1000,LG Portable DVD Writer GP30 B
https://www.olx.in/item/romte-and-7-disk-with-condition-good-ID1fpRIj.html,13000,Romte and 7 disk with condition good
https://www.olx.in/item/sony-ps3-500gb-game-console-with-controller-with-box-and-full-kit-ID1fpRKB.html,11000,Sony PS3 500gb Game Console With Controller With Box and full kit.
https://www.olx.in/item/driver-3-ps2-for-sale-ID1fpREl.html,350,Driver 3 ps2 for sale.
https://www.olx.in/item/sony-smack-down-vs-raw-2007-ps2-game-case-ID1fpRIr.html,700,Sony Smack Down Vs Raw 2007 PS2 Game Case
https://www.olx.in/item/ps2-for-sell-1-remote-1pop-cd-and-1-memory-card-ID1eNS2n.html,3000,Ps2 for sell 1 remote 1pop cd and 1 memory card
https://www.olx.in/item/wwe-2k17-ps4-game-case-ID1fpRNX.html,1200,WWE 2K17 PS4 Game Case
https://www.olx.in/item/the-amazing-spider-man-2-sony-ps4-game-case-ID1fpRXH.html,2500,The Amazing Spider-Man 2 Sony PS4 Game Case
https://www.olx.in/item/unopened-brand-new-guaranteed-ID1fpRZ5.html,1499,Unopened & brand new guaranteed
https://www.olx.in/item/psp-model-1006-good-condition-no-battery-ID1fpS2n.html,4800,PSP model 1006 Good Condition. no battery
https://www.olx.in/item/ps-4super-slimwith-1-tb-hard-disk-4k-supportable-ID1fpS5F.html,30000,Ps 4(super Slim)With 1 Tb Hard Disk 4k supportable
https://www.olx.in/item/shadow-of-war-for-rent-8-days250-10days300-ID1fpS67.html,250,Shadow of war for rent 8 days(250) 10days(300)
https://www.olx.in/item/sony-ps3-just-7-month-old-gulf-purchase-with-4-ID1fpS75.html,10500,Sony PS3 Just 7 month old . gulf purchase. with 4
https://www.olx.in/item/xbox-360-9cd-joystick-charger-connection-to-computer-extra-joystick-ID1fpSi1.html,17000,"Xbox 360,9CD,joystick charger,connection to computer,extra joystick"
https://www.olx.in/item/2-years-old-good-condition-psp-including-box-ID1fgpsW.html,4000,2 years old good condition psp including box
https://www.olx.in/item/ps4-digital-games-selling-all-per-oder-games-and-ID1fpPNJ.html,999,Ps4 digital games selling all per oder games and
https://www.olx.in/item/2-years-old-apple-4th-generation-ipod-white-in-ID1fpSjT.html,3500,2 years old Apple 4th generation iPod. White in
https://www.olx.in/item/black-sony-headphones-ID1fpShz.html,600,Black Sony Headphones
https://www.olx.in/item/horizon-zero-dawn-ps4-ID1fpS5f.html,2200,Horizon Zero Dawn PS4
https://www.olx.in/item/ps3-fifa-15-fifa-12-combo-motor-storm-call-of-dutyghosts-ID1eSLgl.html,1500,"PS3 FIFA 15, FIFA 12 Combo, Motor Storm & Call of Duty(Ghosts)"
https://www.olx.in/item/500-per-black-quantum-game-controller-and-mouse-ID1fewSN.html,500,500 per Black Quantum Game Controller and mouse
https://www.olx.in/item/ps4-with-bill-box-all-original-wire-with-warranty-ID1fpOGB.html,22000,Ps4 with bill box all original wire with warranty
https://www.olx.in/item/ps4-ac-syndicate-game-prefering-4-exchange-ID1fpOI5.html,1650,PS4 AC Syndicate Game prefering 4 exchange
https://www.olx.in/item/ps3-with-move-setup-and-gta5-and-the-amazing-spiderman-2-ID1fpOPN.html,22500,Ps3 with move setup and gta5 and the amazing spiderman 2
https://www.olx.in/item/john-cena-wwe-raw-character-game-application-ID1fpOPt.html,200,John Cena WWE Raw Character Game Application
https://www.olx.in/item/ps4-controller-army-colour-new-model-want-to-sell-ID1fpOPZ.html,4000,PS4 controller Army colour new model want to sell
https://www.olx.in/item/500gb-ps3-with-dualshock3-with-3-games-dvds-ID1aMjvB.html,15000,500Gb Ps3 with dualshock3 with 3 games DVD's
https://www.olx.in/item/pes-2017-pro-evolution-soccer-game-application-ID1fpOXW.html,200,PES 2017 Pro Evolution Soccer Game Application
https://www.olx.in/item/only-1yrs-old-v-good-condition-ID1fpPbr.html,3500,Only 1yrs old.v good condition
https://www.olx.in/item/sony-play-station-3-with-two-remotes-motion-sensor-and-6-games-ID1fpP1f.html,14000,"Sony Play Station 3 with two remotes , motion sensor and 6 games"
https://www.olx.in/item/microsoft-surface-pro-1-with-stylus-intel-core-i5-ID1fpPpD.html,19499,Microsoft Surface Pro 1 with stylus Intel core i5
https://www.olx.in/item/black-sony-ps2-controller-ID1fpPmt.html,4000,Black Sony PS2 Controller
https://www.olx.in/item/sony-dsc-cam-memory-card-2gb-ID1fpPnt.html,1500,Sony dsc cam memory card 2gb
https://www.olx.in/item/its-brand-new-havent-even-played-with-it-yet-ID1fpPp5.html,1499,Its brand new have'nt even played with it yet
https://www.olx.in/item/iam-in-need-of-gta-5-any-sellers-can-contact-me-ID1fpOKd.html,100,Iam in need of GTA 5 any sellers can contact me
https://www.olx.in/item/nfs-the-run-ID1fpPFx.html,100,Nfs The Run
https://www.olx.in/item/playstation-4-games-for-rent-only-500rs-per-month-ID1fpPHr.html,500,PlayStation 4 games for rent only 500Rs per month
https://www.olx.in/item/assassins-creed-brotherhood-game-disc-for-pc-good-working-ID1f8QNR.html,100,Assassin's Creed Brotherhood Game Disc For PC... Good working!!
https://www.olx.in/item/xbox-360-console-with-two-original-controllers-500-gb-ID1fpPR9.html,12500,Xbox 360 Console With Two original Controllers 500 gb
https://www.olx.in/item/brand-new-sealed-latest-wwe-2k18-ps4-playstation-4-game-bonus-dlc-ID1fpPNP.html,3400,Brand New Sealed Latest Wwe 2k18 Ps4 Playstation 4 Game + Bonus Dlc
https://www.olx.in/item/ps4-game-uncharted-4-new-condition-ID1fpPVF.html,1100,PS4 game uncharted 4 new condition
https://www.olx.in/item/ps3-in-perfect-condition-ID1fpQ8J.html,12000,PS3 in Perfect Condition
https://www.olx.in/item/microsoft-keyboard-ID1fpQ6L.html,500,Microsoft Keyboard
https://www.olx.in/item/4-gb-sony-sf-4c4-memory-card-ID1fpQ6z.html,350,4 GB Sony SF-4C4 Memory Card
https://www.olx.in/item/new-xbox-one-s-new-shadow-of-war-game-just-rs-25000-ID1f8nzd.html,25000,New XBOX ONE S (New Shadow of War Game) just Rs.25000.
https://www.olx.in/item/sony-ps3-super-slim-console-ID1fpQ9r.html,13000,Sony PS3 Super Slim Console
https://www.olx.in/item/sony-home-theater-ID1fpM4T.html,20000,Sony Home Theater
https://www.olx.in/item/need-for-speed-undercover-ID1dpGF5.html,400,Need For Speed Undercover
https://www.olx.in/item/ps3-console-12gb-with-2-original-cds-infamous-and-ID1fpQlP.html,8500,Ps3 console 12gb with 2 original cds infamous and
https://www.olx.in/item/its-in-working-condition-very-little-used-ID1fpOfB.html,6000,It's in working condition very little used
https://www.olx.in/item/sony-ps2-black-game-console-and-game-cases-in-working-condition-ID1fpM29.html,600,Sony PS2 black Game Console And Game Cases in working condition
https://www.olx.in/item/microsoft-xbox-360-wireless-controller-white-ID1fpM5l.html,2000,Microsoft XBOX 360 Wireless Controller White
https://www.olx.in/item/cod-modern-warfare-remastered-awesome-gameplay-ID1fpM6D.html,2300,COD modern warfare remastered awesome gameplay
https://www.olx.in/item/black-xbox-360-console-with-controller-ID1fpMab.html,9500,Black Xbox 360 Console With Controller
https://www.olx.in/item/god-of-war-3-ps4-ID1fpMp7.html,1000,God of War 3 PS4
https://www.olx.in/item/buy-or-exchange-brand-new-ID1ffY9D.html,700,Buy or exchange (brand new)
https://www.olx.in/item/take-only-gta-4-and-get-gta-3-cd-free-also-map-in-gta-4-and-gta-3-ID1dmOnl.html,350,Take only gta 4 and get gta 3 CD free also map in gta 4 and gta 3
https://www.olx.in/item/fifa-16-rs-1200-ID1cNWDf.html,1200,FIFA 16 Rs 1200
https://www.olx.in/item/sony-playstation-2-items-included-8mb-sony-ID1fpMvw.html,3000,"Sony Playstation 2, items included : 8mb sony"
https://www.olx.in/item/any-pc-game-at-130-gta-v-battlefield-4-witcher-3-don-bradman-ID1eqglp.html,130,"Any pc game at 130 GTA V, Battlefield 4,witcher 3,don bradman,"
https://www.olx.in/item/xbox-one-game-for-the-cheapest-price-of-800-ID1feFdF.html,800,Xbox one game for the cheapest price of 800
https://www.olx.in/item/hlo-guys-this-is-ps3-video-game-dvd-in-very-good-ID1fpMYx.html,500,Hlo guys this is ps3 video game dvd in very good
https://www.olx.in/item/black-sony-psp-set-with-17-games-and-tv-out-also-12-gb-memory-card-ID1fpMUn.html,6500,Black Sony PSP Set with 17 games and tv out also 12 gb memory card
https://www.olx.in/item/all-pc-games-at-low-rates-ID1fpMNf.html,130,All Pc Games at Low Rates.
https://www.olx.in/item/xbox-360-500gb-with-30-games-installed-one-ID1fpN0x.html,16000,"Xbox 360 500gb with 30 games installed ,one"
https://www.olx.in/item/original-copy-work-on-pc-but-please-install-after-ID1fpMzL.html,100,Original copy work on pc but please install after
https://www.olx.in/item/sony-wega-21-3d-woofer-sound-very-very-good-condition-fantastic-tv-ID1fpN4j.html,5000,"Sony Wega 21"", 3D woofer sound very very good condition.Fantastic TV."
https://www.olx.in/item/fifa-12-for-ps3-in-a-great-condition-negoitable-ID1f89cZ.html,250,"FIFA 12 for ps3 in a great condition , negoitable"
https://www.olx.in/item/playstation-2-sony-original-remote-time-wasters-ID1fpN2Z.html,300,Playstation 2 sony original remote time wasters
https://www.olx.in/item/ps2-4-joy-sticks-1hub-2memory-20-cds-ID1fpNiL.html,5200,Ps2 4 joy sticks 1hub 2memory 20+cds
https://www.olx.in/item/sony-5-2-115w-receiver-ID1fpNk3.html,30000,Sony 5.2 115w Receiver
https://www.olx.in/item/ps2-with-pen-drive-very-good-condition-ID1fpNkW.html,4000,Ps2 with pen drive very good condition
https://www.olx.in/item/dirt-4-full-version-ID1e1B2F.html,200,Dirt 4 full version
https://www.olx.in/item/i-wanna-sell-my-xbox-one-s-with-2-controllers-n-3-ID1fpNAJ.html,8000,I wanna sell my xbox one s with 2 controllers n 3
https://www.olx.in/item/sony-psp-with-16-games-in-excellent-condition-ID1fpJFP.html,3500,Sony psp with 16 games in excellent condition
https://www.olx.in/item/dead-rising-4-pc-game-ID1cv6Qr.html,100,DeAd RiSiNg 4 Pc GaMe.
https://www.olx.in/item/round-green-super-high-speed-yo-yo-ID1fpJRf.html,100,Round Green Super High Speed Yo-yo
https://www.olx.in/item/shoes-adidas-superstar-ID1fpJOB.html,969,Shoes adidas superstar
https://www.olx.in/item/kinect-xbox-360-working-as-new-ID1fpJOP.html,3000,Kinect Xbox 360 working as new
https://www.olx.in/item/2012-model-private-vehicle-life-tax-ID1fpKaD.html,85000,"2012 model private vehicle,life Tax"
https://www.olx.in/item/fifa-17-for-ps4-for-sale-not-a-single-scratch-ID1fpKkh.html,2000,Fifa 17 for ps4 For sale// not a single scratch
https://www.olx.in/item/ps4-controller-used-for-sale-only-no-exchange-ID1fpKkJ.html,2500,Ps4 controller used for sale only no exchange
https://www.olx.in/item/u-s-flag-fidget-hand-spinner-and-box-ID1fpK2J.html,100,U.S Flag Fidget Hand Spinner And Box
https://www.olx.in/item/xbox-one-1-tb-forza-edition-ID1fpKpn.html,17500,Xbox One 1 TB Forza Edition
https://www.olx.in/item/lenovo-k8-note-ram-4gb-internal-64-gb-just-ID1fpNwH.html,12500,Lenovo​ K8 Note Ram 4gb & Internal 64 Gb just
https://www.olx.in/item/xbox-one-games-for-sale-ID1fpKxN.html,3000,Xbox One Games For Sale!
https://www.olx.in/item/killzone-1-2-3-infomos-2-uncharted-3-ID1fpKzz.html,13000,Killzone 1 2 3 infomos 2 uncharted 3
https://www.olx.in/item/ps-2-good-condition-game-cd-free-ID1fpKww.html,3600,PS 2 Good condition Game CD free
https://www.olx.in/item/rocket-league-ps4-dvd-ID1fpKBP.html,1650,Rocket league PS4 DVD
https://www.olx.in/item/call-of-duty-infinite-warfare-ps4-game-case-ID1fpKFb.html,950,Call Of Duty Infinite Warfare PS4 Game Case
https://www.olx.in/item/black-sony-ps2-controller-and-game-case-ID1fpKHw.html,5000,Black Sony PS2 Controller And Game Case
https://www.olx.in/item/playstation-4-pro-ID1fpKJb.html,15000,PlayStation 4 pro
https://www.olx.in/item/two-game-cases-ID1fpKJZ.html,1600,Two Game Cases
https://www.olx.in/item/xbox-360-7-games-all-original-discs-ntsc-format-ID1fpKEP.html,1200,"Xbox 360 , 7 games all original discs. NTSC format."
https://www.olx.in/item/xbox-360-console-working-perfectly-ID1fpKL5.html,7000,Xbox 360 console working perfectly
https://www.olx.in/item/the-evil-within-2-sony-ps4-sealed-ID1fpKDN.html,3500,The Evil Within 2 Sony PS4 sealed
https://www.olx.in/item/pes-2014-ps3-game-case-ID1fpKPJ.html,650,PES 2014 PS3 Game Case
https://www.olx.in/item/two-black-sony-game-controllers-ID1fpHaT.html,1399,Two Black Sony Game Controllers
https://www.olx.in/item/3-lobed-u-s-a-flag-fidget-hand-spinner-ID1fpHlj.html,50,3-lobed U.S.A Flag Fidget Hand Spinner
https://www.olx.in/item/psp-forthree-month-old-onetb-memory-but-for-game-ID1fpHoR.html,28000,PSP forthree month old oneTb memory But for game
https://www.olx.in/item/remote-control-helicopter-all-spare-parts-with-remote-for-ID1fpHbW.html,800,Remote control helicopter all spare parts with remote for
https://www.olx.in/item/driveclub-sony-playstation-4-game-case-ID1fpKRF.html,1100,Driveclub Sony PlayStation 4 Game Case
https://www.olx.in/item/best-high-graphic-games-at-low-cost-call-me-at-82473122six4whats-app-ID1fpFvB.html,2500,Best high graphic games at low cost Call me at 82473122six4(what's.app
https://www.olx.in/item/god-of-war-dvd-case-ID1fpHxT.html,4500,God Of War  DVD Case
https://www.olx.in/item/white-lean-meat-fat-grilling-machine-ID1f8mqh.html,1000,White Lean Meat Fat Grilling Machine
https://www.olx.in/item/ps4-game-god-of-war-ID1fpHMH.html,1200,Ps4 game god of war
https://www.olx.in/item/clash-of-clan-id-8th-town-ID1fpHQB.html,1000,Clash_of_clan id 8th town
https://www.olx.in/item/pair-of-snooker-king-size-i-have-no-time-plzzz-hurry-ID1feBCH.html,90000,Pair of snooker king size i have no time plzzz hurry
https://www.olx.in/item/fifa-17-xbox-one-ID1eS8xN.html,1300,Fifa 17 xbox one
https://www.olx.in/item/digital-pc-and-laptop-game-i-want-to-sell-best-pc-ID1fpH3f.html,150,Digital PC and laptop game i want to sell best pc
https://www.olx.in/item/grand-theft-auto-v-ID1fpGx5.html,1000,Grand Theft Auto V
https://www.olx.in/item/brand-new-xbox-one-s-1tb-with-4k-ultra-hd-ID1fpIa3.html,29999,Brand New Xbox One S 1tb With 4k Ultra Hd
https://www.olx.in/item/ps3-set-with-cds-ID1fpI5p.html,27500,PS3 set with cds
https://www.olx.in/item/bioshock-the-collection-ps4-ID1fpIaj.html,1699,Bioshock : The Collection (PS4)
https://www.olx.in/item/top-pc-games-with-gta-5-ID1fpFFw.html,2000,Top PC Games With GTA 5
https://www.olx.in/item/buy-1-year-old-ps3-and-500gb-hard-disk-and-steering-wheel-psp-cds-ID1fpI6J.html,22000,Buy 1 year old ps3 and 500gb hard disk and steering wheel PSP CDs
https://www.olx.in/item/black-sony-subwoofer-cover-ID1fpIet.html,100,Black Sony Subwoofer Cover
https://www.olx.in/item/call-of-duty-ghosts-ps3-game-brand-new-sealed-ID1fpIgW.html,300,Call of Duty: Ghosts PS3 Game Brand New Sealed
https://www.olx.in/item/two-black-game-controllers-ID1fpIrh.html,2000,Two Black Game Controllers
https://www.olx.in/item/sony-psp-1000-ID1fpIyz.html,4500,Sony PSP 1000
https://www.olx.in/item/5-games-cod-ghosts-modern-warfare-3-ID1eoMPP.html,3500,"5 games cod ghosts, modern warfare 3"
https://www.olx.in/item/need-for-speed-ps4-game-case-ID1fpIY1.html,2000,Need For Speed PS4 Game Case
https://www.olx.in/item/gta-5-for-pc-and-laptop-100-work-no-cd-ID1fpIX9.html,349,GTA 5 for PC and laptop. 100% work. no CD.
https://www.olx.in/item/original-gta-5-pc-game-100-working-guranteed963476o454-ID1fpF8h.html,150,Original Gta 5 PC Game 100% Working Guranteed(963476O454)
https://www.olx.in/item/brand-new-untouched-maharaja-whitline-blower-heat-convector-ID1fpIXT.html,2000,Brand new untouched Maharaja Whitline blower.(Heat convector )
https://www.olx.in/item/original-iranian-dates-min-5-boxes-ID1fpIVD.html,220,"Original Iranian Dates, Min 5 Boxes"
https://www.olx.in/item/sony-ps4-the-witcher-wild-hunt-iii-game-case-ID1fpFnt.html,1300,Sony PS4 The Witcher Wild Hunt III Game Case
https://www.olx.in/item/ps3-160gb-console-only-for-exchange-with-mi-a1-or-laptop-ID1e1Qpd.html,10000,Ps3 160gb console only for exchange with mi a1 or laptop
https://www.olx.in/item/ps3-2012-model-and-drivng-logitech-gtforce-in-good-condition-ID1ffull.html,15000,Ps3 2012 model and drivng logitech gtforce in good condition
https://www.olx.in/item/assassins-creed-the-ezio-collection-ps4-game-case-ID1fpFpj.html,2700,Assassin's Creed The Ezio Collection PS4 Game Case
https://www.olx.in/item/tom-clancys-ghost-recon-sony-ps4-ID1fpFLt.html,2200,Tom Clancy's Ghost Recon Sony PS4
https://www.olx.in/item/w2k16-ps3-case-free-free-free-ID1fpFCH.html,699,W2K16 PS3 case free free free
https://www.olx.in/item/two-motorcycle-side-mirrors-ID1fpFvF.html,1000,Two Motorcycle Side Mirrors
https://www.olx.in/item/numark-mixtraxk-pro-dj-controller-in-very-good-ID1fpFJp.html,10000,Numark mixtraxk pro dj controller in very good
https://www.olx.in/item/nintendo-wii-ID1fpF7z.html,5499,Nintendo Wii
https://www.olx.in/item/sony-laptop-battery-for-good-condition-only-1000-ID1fpFTw.html,1000,SONY Laptop battery for good condition only 1000
https://www.olx.in/item/me-apna-e-rikhsha-mayuri-bechna-h-ID1fpG37.html,35000,Me apna e rikhsha mayuri bechna h
https://www.olx.in/item/sony-ps3-game-case-lot-ID1fpFQX.html,6500,Sony PS3 Game Case Lot
https://www.olx.in/item/black-sony-ps2-console-with-controllers-ID1fpFNN.html,6000,Black Sony PS2 Console With Controllers
https://www.olx.in/item/xbox-360-kinect-sports-1-only-2-months-old-ID1fpG2X.html,800,Xbox 360 kinect sports 1 only 2 months old
https://www.olx.in/item/ps4-games-cd-1-week-old-with-original-amazon-bill-ID1aY14b.html,2000,PS4 games cd 1 week old with original amazon bill
https://www.olx.in/item/xbox-360-kinect-adventures-only-2-months-old-ID1fpGcF.html,800,Xbox 360 kinect adventures only 2 months old
https://www.olx.in/item/black-sony-ps2-game-console-ID1fpGhp.html,6000,Black Sony PS2 Game Console
https://www.olx.in/item/wirelass-joy-stick-ID1fpFRR.html,1200,Wirelass joy stick
https://www.olx.in/item/20-litre-mineral-water-available-ajmera-ID1fpGsw.html,50,"20 litre mineral water available, Ajmera"
https://www.olx.in/item/ps-3-infamous-2-brand-new-condition-fixed-price-ID19iRLX.html,800,PS 3 Infamous 2 Brand New Condition Fixed Price
https://www.olx.in/item/watch-dogs-2-ps4-game-ID1fpGyj.html,1600,Watch Dogs 2 PS4 Game
https://www.olx.in/item/xbox-360-kinect-spotrts-ultimate-edition-both-cds-ID1fpGl9.html,1000,Xbox 360 kinect spotrts ultimate edition both cds
https://www.olx.in/item/new-ps4-1tb-20-game-instool-all-assri-ID1fpCEr.html,33500,New Ps4 1tb 20 Game Instool All Assri
https://www.olx.in/item/ps3-game-cases-ID1f1NLX.html,500,PS3 Game Cases
https://www.olx.in/item/if-ur-ready-to-buy-ID1eyKxD.html,400,If ur ready to buy
https://www.olx.in/item/i-want-to-sell-my-xbox-360-batman-origins-cd-ID1fpCXw.html,1000,I want to sell my Xbox 360 Batman origins cd
https://www.olx.in/item/game-of-thrones-all-season-with-subtitles-ID1fpCWt.html,50,Game of thrones All Season With Subtitles
https://www.olx.in/item/two-sony-ps4-console-with-two-game-cases-ID1fpCOt.html,20000,Two Sony PS4 Console With Two Game Cases
https://www.olx.in/item/rayman-origins-playstation-3-game-ID1ejcar.html,700,Rayman Origins - Playstation 3 Game
https://www.olx.in/item/2-games-horizon-zero-dawn-and-god-of-war-3-ID1fpCYZ.html,3300,2 games horizon zero dawn and god of war 3
https://www.olx.in/item/xbox-one-s-500gb-3-months-old-excellent-condition-ID1fpD4N.html,18000,XBOX One S 500GB 3 Months Old Excellent Condition
https://www.olx.in/item/bestgamesforpc12games-low-cost-totallyring-meat-82473122six4whats-app-ID1fpD05.html,2500,Bestgame'sforpc12games low cost totallyring meat 82473122six4whats app
https://www.olx.in/item/i-want-grid-2-ps3-or-amazing-spider-man-1-or-2-ps3-for-exchange-ID1fpD1j.html,200,I want grid 2 ps3. or amazing spider man 1 or 2 ps3. For exchange
https://www.olx.in/item/batman-arkham-begins-xbox-360-ID1fpDdT.html,850,Batman Arkham Begins Xbox 360
https://www.olx.in/item/ps4-playstation-4-silver-color-limited-edition-ID1fpCRP.html,29500,"Ps4 playstation 4 silver color limited edition,"
https://www.olx.in/item/red-sony-psp-handheld-game-console-ID1fpGBF.html,3000,Red Sony PSP Handheld Game Console
https://www.olx.in/item/arcade-video-games-controller-ID1fpGCW.html,450,Arcade Video Games Controller
https://www.olx.in/item/white-and-red-amazer-console-with-controllers-ID1fpCqX.html,1200,White And Red Amazer Console With Controllers
